comparison,phase,split,environment,method,cart_gamma,sigma,seed,accuracy_difference,left_run_id,right_run_id
cart_minus_merged,calibration,nonIID,clean,none,0.0000,0.0,2025,0.00000000,v3r2-2c6ec6b556d624b1ad98,v3r2-1e624bd03e7e88186340
cart_minus_merged,calibration,nonIID,clean,none,0.0003,0.0,2025,0.00000000,v3r2-add9ed0cf99cb1cffb03,v3r2-1e624bd03e7e88186340
cart_minus_merged,calibration,nonIID,clean,none,0.0005,0.0,2025,0.00000000,v3r2-efc4f7144e4d88ecb67e,v3r2-1e624bd03e7e88186340
cart_minus_merged,calibration,nonIID,clean,none,0.0010,0.0,2025,0.00000000,v3r2-8a5120b92959b358f91d,v3r2-1e624bd03e7e88186340
cart_minus_merged,calibration,nonIID,hidden_noise,ss,0.0000,0.2,2025,0.00000000,v3r2-71e454abb6a841291459,v3r2-59ef510c4b2f9b77e3de
cart_minus_merged,calibration,nonIID,hidden_noise,ss,0.0000,0.4,2025,0.00000000,v3r2-b202bcbf1f6cb5ad5c81,v3r2-00853342c377a42a9c5f
cart_minus_merged,calibration,nonIID,hidden_noise,ss,0.0000,0.6,2025,0.00000000,v3r2-a57efe9b23e9582fa9e4,v3r2-2219ac1669e3b07d1de2
cart_minus_merged,calibration,nonIID,hidden_noise,ss,0.0003,0.2,2025,-0.01087001,v3r2-f3274069dbeecf4acb21,v3r2-59ef510c4b2f9b77e3de
cart_minus_merged,calibration,nonIID,hidden_noise,ss,0.0003,0.4,2025,0.00758001,v3r2-4304a683c76895af9e7f,v3r2-00853342c377a42a9c5f
cart_minus_merged,calibration,nonIID,hidden_noise,ss,0.0003,0.6,2025,0.00930998,v3r2-df91988e6d8a113c21be,v3r2-2219ac1669e3b07d1de2
cart_minus_merged,calibration,nonIID,hidden_noise,ss,0.0005,0.2,2025,0.00386000,v3r2-050136ed5c4e11c89c39,v3r2-59ef510c4b2f9b77e3de
cart_minus_merged,calibration,nonIID,hidden_noise,ss,0.0005,0.4,2025,0.01919001,v3r2-153db1f656a983160a60,v3r2-00853342c377a42a9c5f
cart_minus_merged,calibration,nonIID,hidden_noise,ss,0.0005,0.6,2025,0.01121998,v3r2-20a2ae2c2ee36de6bbb5,v3r2-2219ac1669e3b07d1de2
cart_minus_merged,calibration,nonIID,hidden_noise,ss,0.0010,0.2,2025,0.01400000,v3r2-e8c10d0ed744bedc636f,v3r2-59ef510c4b2f9b77e3de
cart_minus_merged,calibration,nonIID,hidden_noise,ss,0.0010,0.4,2025,0.00069001,v3r2-2ba49bfd0b11559f189d,v3r2-00853342c377a42a9c5f
cart_minus_merged,calibration,nonIID,hidden_noise,ss,0.0010,0.6,2025,0.01016998,v3r2-fb17f83c3a6beda51c87,v3r2-2219ac1669e3b07d1de2
cart_minus_merged,calibration,nonIID,hidden_noise,ss_ebm,0.0000,0.2,2025,0.00000000,v3r2-a79405c3c7cf3a2a5bfe,v3r2-ce9b5d984734640892b7
cart_minus_merged,calibration,nonIID,hidden_noise,ss_ebm,0.0000,0.4,2025,0.00000000,v3r2-3b5ec03bf53b8e20910d,v3r2-39ea091aa620b4b2317f
cart_minus_merged,calibration,nonIID,hidden_noise,ss_ebm,0.0000,0.6,2025,0.00000000,v3r2-79c49eed876c8df7b995,v3r2-ef75a19e528d8fd72d8a
cart_minus_merged,calibration,nonIID,hidden_noise,ss_ebm,0.0003,0.2,2025,-0.00247002,v3r2-fadfbcc1e42f346e824a,v3r2-ce9b5d984734640892b7
cart_minus_merged,calibration,nonIID,hidden_noise,ss_ebm,0.0003,0.2,2025,-0.00514001,v3r2-a25483a918164d3f7a2d,v3r2-ce9b5d984734640892b7
cart_minus_merged,calibration,nonIID,hidden_noise,ss_ebm,0.0003,0.2,2025,0.00544998,v3r2-abe9282443a477caa1a9,v3r2-ce9b5d984734640892b7
cart_minus_merged,calibration,nonIID,hidden_noise,ss_ebm,0.0003,0.4,2025,-0.00379002,v3r2-8d42d38912bb082109b0,v3r2-39ea091aa620b4b2317f
cart_minus_merged,calibration,nonIID,hidden_noise,ss_ebm,0.0003,0.6,2025,0.01001999,v3r2-03b2f3c422af4d7a98c6,v3r2-ef75a19e528d8fd72d8a
cart_minus_merged,calibration,nonIID,hidden_noise,ss_ebm,0.0004,0.2,2025,0.00175998,v3r2-f124d977dd896a0a097a,v3r2-ce9b5d984734640892b7
cart_minus_merged,calibration,nonIID,hidden_noise,ss_ebm,0.0005,0.2,2025,-0.00689003,v3r2-0d0c2c7843f945a5f2e5,v3r2-ce9b5d984734640892b7
cart_minus_merged,calibration,nonIID,hidden_noise,ss_ebm,0.0005,0.4,2025,-0.00250000,v3r2-97d21f05f34f58b416d7,v3r2-39ea091aa620b4b2317f
cart_minus_merged,calibration,nonIID,hidden_noise,ss_ebm,0.0005,0.6,2025,0.01470000,v3r2-54782f86d01ff77ed0f0,v3r2-ef75a19e528d8fd72d8a
cart_minus_merged,calibration,nonIID,hidden_noise,ss_ebm,0.0010,0.2,2025,-0.01246002,v3r2-43e99bfe9b547b8046f0,v3r2-ce9b5d984734640892b7
cart_minus_merged,calibration,nonIID,hidden_noise,ss_ebm,0.0010,0.4,2025,0.01334998,v3r2-847984303cc456c23319,v3r2-39ea091aa620b4b2317f
cart_minus_merged,calibration,nonIID,hidden_noise,ss_ebm,0.0010,0.6,2025,-0.00419000,v3r2-b193e67ec7f519a15db4,v3r2-ef75a19e528d8fd72d8a
cart_minus_merged,confirmation,nonIID,clean,none,0.0010,0.0,2026,0.00000000,v3r2-46f37caf8ac416678e67,v3r2-84ee44892b7af1aacde1
cart_minus_merged,confirmation,nonIID,hidden,none,0.0010,0.0,2026,0.00000000,v3r2-3dd68443d9422f174520,v3r2-c5458637ff9e134f488b
cart_minus_merged,confirmation,nonIID,hidden,ss,0.0010,0.0,2026,-0.00352001,v3r2-5fda021d5bb8c2a782a6,v3r2-8681a16d6cbf5ca39961
cart_minus_merged,confirmation,nonIID,noise,none,0.0003,0.2,2026,-0.00107998,v3r2-26b028451080eefa6a5c,v3r2-511c52eb1f2b073c9f43
defense_minus_no_mitigation,calibration,nonIID,hidden,merged:ss,0.0000,0.0,2025,0.21676000,v3r2-520ea74de45469ca5238,v3r2-2cac9f85b7cba3cb5a10
defense_minus_no_mitigation,calibration,nonIID,noise,merged:ebm,0.0000,0.2,2025,0.00165001,v3r2-c025cc34a52a39830f82,v3r2-9b1f8d9625f77c720384
defense_minus_no_mitigation,calibration,nonIID,noise,merged:ebm,0.0000,0.4,2025,0.00349000,v3r2-b82f3d448ff78c244366,v3r2-dcf9c7a80da0168224cf
defense_minus_no_mitigation,calibration,nonIID,noise,merged:ebm,0.0000,0.6,2025,0.00252998,v3r2-729da0aef16786445a11,v3r2-ccc36c6267f61041e4a1
defense_minus_no_mitigation,confirmation,nonIID,hidden,cart:ss,0.0010,0.0,2026,0.35256999,v3r2-5fda021d5bb8c2a782a6,v3r2-3dd68443d9422f174520
defense_minus_no_mitigation,confirmation,nonIID,hidden,cart:ss,0.0010,0.0,2027,0.39101999,v3r2-12d604b81bffc5955c11,v3r2-3ef30e8a5e7acb81bea1
defense_minus_no_mitigation,confirmation,nonIID,hidden,cart:ss,0.0010,0.0,2028,0.33522000,v3r2-316457929185bbfeb451,v3r2-74d44ddd676ae9be55b7
defense_minus_no_mitigation,confirmation,nonIID,hidden,merged:ss,0.0000,0.0,2026,0.35609000,v3r2-8681a16d6cbf5ca39961,v3r2-c5458637ff9e134f488b
defense_minus_no_mitigation,confirmation,nonIID,hidden_noise,cart:ebm,0.0003,0.2,2026,0.00000000,v3r2-afe346015f6792aa8c18,v3r2-457b79fc8c8ca5b1b685
defense_minus_no_mitigation,confirmation,nonIID,hidden_noise,cart:ebm,0.0003,0.2,2027,0.00000000,v3r2-2859b8869dbd47e483b8,v3r2-23d058fab4dd413162f8
defense_minus_no_mitigation,confirmation,nonIID,hidden_noise,cart:ebm,0.0003,0.2,2028,0.00000000,v3r2-d646ed47f22a530b43b6,v3r2-5285b5a0ef6e1427062b
defense_minus_no_mitigation,confirmation,nonIID,hidden_noise,cart:ebm,0.0003,0.3,2026,0.00000000,v3r2-ac9a4b0a231ba4de2638,v3r2-55240c4e237f26db60ea
defense_minus_no_mitigation,confirmation,nonIID,hidden_noise,cart:ebm,0.0003,0.3,2027,0.00000000,v3r2-bc7f89c0742436054919,v3r2-6f4b535717f23ba0ebfb
defense_minus_no_mitigation,confirmation,nonIID,hidden_noise,cart:ebm,0.0003,0.3,2028,0.00000000,v3r2-8a9da1267b2c69b361bb,v3r2-a6fa594758114462f8cc
defense_minus_no_mitigation,confirmation,nonIID,hidden_noise,cart:ebm,0.0005,0.5,2026,0.00000000,v3r2-08e8bc7ca846c963ee40,v3r2-3c0542583c1552371fdb
defense_minus_no_mitigation,confirmation,nonIID,hidden_noise,cart:ebm,0.0005,0.5,2027,0.00000000,v3r2-46b77399716427cc6050,v3r2-17587f4ee32c0f948a25
defense_minus_no_mitigation,confirmation,nonIID,hidden_noise,cart:ebm,0.0005,0.5,2028,0.00000000,v3r2-886e36fbedd4d8ca73a5,v3r2-06fd410e3fb9705eedce
defense_minus_no_mitigation,confirmation,nonIID,hidden_noise,cart:ebm,0.0005,0.6,2026,0.00000000,v3r2-be8d51610219c2ea0f38,v3r2-cf157904e30777026947
defense_minus_no_mitigation,confirmation,nonIID,hidden_noise,cart:ebm,0.0005,0.6,2027,0.00000000,v3r2-a898a9597783d63e366e,v3r2-4acc7d5f1f5206aad88b
defense_minus_no_mitigation,confirmation,nonIID,hidden_noise,cart:ebm,0.0005,0.6,2028,0.00000000,v3r2-e51a31d3a70b8e9244fc,v3r2-9c6f7701901113f9023d
defense_minus_no_mitigation,confirmation,nonIID,hidden_noise,cart:ebm,0.0010,0.4,2026,0.00000000,v3r2-c53e61ded2d35a37d498,v3r2-d756edc1a72d756760d7
defense_minus_no_mitigation,confirmation,nonIID,hidden_noise,cart:ebm,0.0010,0.4,2027,0.00000000,v3r2-c8d61d00af2c8cabd347,v3r2-4988b70d3b9d09dc61f5
defense_minus_no_mitigation,confirmation,nonIID,hidden_noise,cart:ebm,0.0010,0.4,2028,0.00000000,v3r2-330d1e91edd59eb4f557,v3r2-587a7307749144a46478
defense_minus_no_mitigation,confirmation,nonIID,hidden_noise,cart:ss,0.0003,0.2,2026,0.33406001,v3r2-f9428edfe3fd7b8cdc50,v3r2-457b79fc8c8ca5b1b685
defense_minus_no_mitigation,confirmation,nonIID,hidden_noise,cart:ss,0.0003,0.2,2027,0.36948999,v3r2-6abebc2a38ddeafeb18b,v3r2-23d058fab4dd413162f8
defense_minus_no_mitigation,confirmation,nonIID,hidden_noise,cart:ss,0.0003,0.2,2028,0.31795999,v3r2-7f9b70b2d5231e8d8d8f,v3r2-5285b5a0ef6e1427062b
defense_minus_no_mitigation,confirmation,nonIID,hidden_noise,cart:ss,0.0003,0.3,2026,0.29105001,v3r2-f1fca65350417fb61bad,v3r2-55240c4e237f26db60ea
defense_minus_no_mitigation,confirmation,nonIID,hidden_noise,cart:ss,0.0003,0.3,2027,0.30412000,v3r2-031320ee2537597c888b,v3r2-6f4b535717f23ba0ebfb
defense_minus_no_mitigation,confirmation,nonIID,hidden_noise,cart:ss,0.0003,0.3,2028,0.27955999,v3r2-aaf56c77205c7b9919b7,v3r2-a6fa594758114462f8cc
defense_minus_no_mitigation,confirmation,nonIID,hidden_noise,cart:ss,0.0005,0.5,2026,0.00008000,v3r2-8d804696938a22f5434f,v3r2-3c0542583c1552371fdb
defense_minus_no_mitigation,confirmation,nonIID,hidden_noise,cart:ss,0.0005,0.5,2027,0.01123000,v3r2-34b2552cbe169c5b4430,v3r2-17587f4ee32c0f948a25
defense_minus_no_mitigation,confirmation,nonIID,hidden_noise,cart:ss,0.0005,0.5,2028,0.00000000,v3r2-161157b834a7f8115fec,v3r2-06fd410e3fb9705eedce
defense_minus_no_mitigation,confirmation,nonIID,hidden_noise,cart:ss,0.0005,0.6,2026,-0.00006000,v3r2-61688c34008bc18b9abb,v3r2-cf157904e30777026947
defense_minus_no_mitigation,confirmation,nonIID,hidden_noise,cart:ss,0.0005,0.6,2027,-0.00003000,v3r2-eccc732b8b3e518e2aa5,v3r2-4acc7d5f1f5206aad88b
defense_minus_no_mitigation,confirmation,nonIID,hidden_noise,cart:ss,0.0005,0.6,2028,0.00000000,v3r2-ead9d94530cca9e66c4a,v3r2-9c6f7701901113f9023d
defense_minus_no_mitigation,confirmation,nonIID,hidden_noise,cart:ss,0.0010,0.4,2026,0.17794999,v3r2-64522d5e10ab58b9b37c,v3r2-d756edc1a72d756760d7
defense_minus_no_mitigation,confirmation,nonIID,hidden_noise,cart:ss,0.0010,0.4,2027,0.21968000,v3r2-b8636a50823befa0bc7b,v3r2-4988b70d3b9d09dc61f5
defense_minus_no_mitigation,confirmation,nonIID,hidden_noise,cart:ss,0.0010,0.4,2028,0.17044001,v3r2-4c413d71dcff15c314b0,v3r2-587a7307749144a46478
defense_minus_no_mitigation,confirmation,nonIID,hidden_noise,cart:ss_ebm,0.0003,0.2,2026,0.33380999,v3r2-f8762f8b3b3ee36184ce,v3r2-457b79fc8c8ca5b1b685
defense_minus_no_mitigation,confirmation,nonIID,hidden_noise,cart:ss_ebm,0.0003,0.2,2027,0.36764999,v3r2-621ff7d9cbc8be7fbc55,v3r2-23d058fab4dd413162f8
defense_minus_no_mitigation,confirmation,nonIID,hidden_noise,cart:ss_ebm,0.0003,0.2,2028,0.31997000,v3r2-f5be0fe9e2de52c00281,v3r2-5285b5a0ef6e1427062b
defense_minus_no_mitigation,confirmation,nonIID,hidden_noise,cart:ss_ebm,0.0003,0.3,2026,0.26886999,v3r2-73e2124e77f5a3268812,v3r2-55240c4e237f26db60ea
defense_minus_no_mitigation,confirmation,nonIID,hidden_noise,cart:ss_ebm,0.0003,0.3,2027,0.33836999,v3r2-47c4227af09724a10591,v3r2-6f4b535717f23ba0ebfb
defense_minus_no_mitigation,confirmation,nonIID,hidden_noise,cart:ss_ebm,0.0003,0.3,2028,0.27803000,v3r2-38c53fd0638da3c0aaca,v3r2-a6fa594758114462f8cc
defense_minus_no_mitigation,confirmation,nonIID,hidden_noise,cart:ss_ebm,0.0005,0.5,2026,0.00001000,v3r2-ff7bd977ae0527d5a90c,v3r2-3c0542583c1552371fdb
defense_minus_no_mitigation,confirmation,nonIID,hidden_noise,cart:ss_ebm,0.0005,0.5,2027,0.00001000,v3r2-8b9ca70390307b3d6d69,v3r2-17587f4ee32c0f948a25
defense_minus_no_mitigation,confirmation,nonIID,hidden_noise,cart:ss_ebm,0.0005,0.5,2028,0.00000000,v3r2-ec02992692d7734884d3,v3r2-06fd410e3fb9705eedce
defense_minus_no_mitigation,confirmation,nonIID,hidden_noise,cart:ss_ebm,0.0005,0.6,2026,0.00000000,v3r2-9a30e2818c2ee59664ed,v3r2-cf157904e30777026947
defense_minus_no_mitigation,confirmation,nonIID,hidden_noise,cart:ss_ebm,0.0005,0.6,2027,0.00000000,v3r2-9e663543ba678e2f5933,v3r2-4acc7d5f1f5206aad88b
defense_minus_no_mitigation,confirmation,nonIID,hidden_noise,cart:ss_ebm,0.0005,0.6,2028,0.00000000,v3r2-420cbba5a3f7fb6a4eaf,v3r2-9c6f7701901113f9023d
defense_minus_no_mitigation,confirmation,nonIID,hidden_noise,cart:ss_ebm,0.0010,0.4,2026,0.17812001,v3r2-cbc08489b2148b9844bb,v3r2-d756edc1a72d756760d7
defense_minus_no_mitigation,confirmation,nonIID,hidden_noise,cart:ss_ebm,0.0010,0.4,2027,0.20620000,v3r2-72bf3b4121f5b68936d0,v3r2-4988b70d3b9d09dc61f5
defense_minus_no_mitigation,confirmation,nonIID,hidden_noise,cart:ss_ebm,0.0010,0.4,2028,0.18505999,v3r2-0a5f3f08907fc1c2f3c9,v3r2-587a7307749144a46478
defense_minus_no_mitigation,confirmation,nonIID,noise,cart:ebm,0.0003,0.2,2026,0.00472999,v3r2-9eb14abc7551df412b48,v3r2-26b028451080eefa6a5c
defense_minus_no_mitigation,confirmation,nonIID,noise,cart:ebm,0.0003,0.2,2027,-0.01358002,v3r2-04b664708a02bc2497e5,v3r2-93a65cc2c5598fe5c248
defense_minus_no_mitigation,confirmation,nonIID,noise,cart:ebm,0.0003,0.2,2028,0.00666001,v3r2-4e5375e6edd659e8d538,v3r2-0d451793980d43a73fe3
defense_minus_no_mitigation,confirmation,nonIID,noise,cart:ebm,0.0003,0.3,2026,-0.00171998,v3r2-9c1c0f5908bab0756502,v3r2-e367874a415f57fad9dc
defense_minus_no_mitigation,confirmation,nonIID,noise,cart:ebm,0.0003,0.3,2027,0.00367001,v3r2-8ce3df00a7c70e64a2eb,v3r2-6d25ecea11f0270f8650
defense_minus_no_mitigation,confirmation,nonIID,noise,cart:ebm,0.0003,0.3,2028,0.01852998,v3r2-c84c7f119f4abf1f5781,v3r2-eea148ca166db5599c51
defense_minus_no_mitigation,confirmation,nonIID,noise,cart:ebm,0.0005,0.5,2026,0.01750001,v3r2-ec78bf7a32ad011d15bf,v3r2-be2a3b07cda659fb919f
defense_minus_no_mitigation,confirmation,nonIID,noise,cart:ebm,0.0005,0.5,2027,0.02125001,v3r2-01cbfdbadd014d71bf52,v3r2-c45c0ba932abdb58f854
defense_minus_no_mitigation,confirmation,nonIID,noise,cart:ebm,0.0005,0.5,2028,-0.01478001,v3r2-dcb5869bd413111425a7,v3r2-f3fb44e8947ff3e1f2eb
defense_minus_no_mitigation,confirmation,nonIID,noise,cart:ebm,0.0005,0.6,2026,0.00495000,v3r2-86c92226f1d004f40eee,v3r2-d5ab0834957ca336074b
defense_minus_no_mitigation,confirmation,nonIID,noise,cart:ebm,0.0005,0.6,2027,-0.00001000,v3r2-4fe7902d30d1ba6365d9,v3r2-346d5e5632ba5da71f31
defense_minus_no_mitigation,confirmation,nonIID,noise,cart:ebm,0.0005,0.6,2028,0.00886000,v3r2-e3b8bc83a3c4e6210c88,v3r2-fce235864052a11f8568
defense_minus_no_mitigation,confirmation,nonIID,noise,cart:ebm,0.0010,0.4,2026,-0.00351998,v3r2-d1a83af9126e6781f8d2,v3r2-a59ab8f1150be67e4398
defense_minus_no_mitigation,confirmation,nonIID,noise,cart:ebm,0.0010,0.4,2027,0.00181001,v3r2-e46374750a269042f078,v3r2-d74fce503a08a11bf551
defense_minus_no_mitigation,confirmation,nonIID,noise,cart:ebm,0.0010,0.4,2028,0.00512001,v3r2-a83d7fa6bb616758c5d9,v3r2-a1e21ffe2d63f485da32
ss_ebm_minus_ss,calibration,nonIID,hidden_noise,cart,0.0000,0.2,2025,-0.00608999,v3r2-a79405c3c7cf3a2a5bfe,v3r2-71e454abb6a841291459
ss_ebm_minus_ss,calibration,nonIID,hidden_noise,cart,0.0000,0.4,2025,0.00534001,v3r2-3b5ec03bf53b8e20910d,v3r2-b202bcbf1f6cb5ad5c81
ss_ebm_minus_ss,calibration,nonIID,hidden_noise,cart,0.0000,0.6,2025,0.01130000,v3r2-79c49eed876c8df7b995,v3r2-a57efe9b23e9582fa9e4
ss_ebm_minus_ss,calibration,nonIID,hidden_noise,cart,0.0003,0.2,2025,-0.00035998,v3r2-a25483a918164d3f7a2d,v3r2-f3274069dbeecf4acb21
ss_ebm_minus_ss,calibration,nonIID,hidden_noise,cart,0.0003,0.4,2025,-0.00603002,v3r2-8d42d38912bb082109b0,v3r2-4304a683c76895af9e7f
ss_ebm_minus_ss,calibration,nonIID,hidden_noise,cart,0.0003,0.6,2025,0.01201001,v3r2-03b2f3c422af4d7a98c6,v3r2-df91988e6d8a113c21be
ss_ebm_minus_ss,calibration,nonIID,hidden_noise,cart,0.0005,0.2,2025,-0.01684001,v3r2-0d0c2c7843f945a5f2e5,v3r2-050136ed5c4e11c89c39
ss_ebm_minus_ss,calibration,nonIID,hidden_noise,cart,0.0005,0.4,2025,-0.01635000,v3r2-97d21f05f34f58b416d7,v3r2-153db1f656a983160a60
ss_ebm_minus_ss,calibration,nonIID,hidden_noise,cart,0.0005,0.6,2025,0.01478001,v3r2-54782f86d01ff77ed0f0,v3r2-20a2ae2c2ee36de6bbb5
ss_ebm_minus_ss,calibration,nonIID,hidden_noise,cart,0.0010,0.2,2025,-0.03255001,v3r2-43e99bfe9b547b8046f0,v3r2-e8c10d0ed744bedc636f
ss_ebm_minus_ss,calibration,nonIID,hidden_noise,cart,0.0010,0.4,2025,0.01799998,v3r2-847984303cc456c23319,v3r2-2ba49bfd0b11559f189d
ss_ebm_minus_ss,calibration,nonIID,hidden_noise,cart,0.0010,0.6,2025,-0.00305998,v3r2-b193e67ec7f519a15db4,v3r2-fb17f83c3a6beda51c87
ss_ebm_minus_ss,calibration,nonIID,hidden_noise,merged,0.0000,0.2,2025,-0.00608999,v3r2-ce9b5d984734640892b7,v3r2-59ef510c4b2f9b77e3de
ss_ebm_minus_ss,calibration,nonIID,hidden_noise,merged,0.0000,0.4,2025,0.00534001,v3r2-39ea091aa620b4b2317f,v3r2-00853342c377a42a9c5f
ss_ebm_minus_ss,calibration,nonIID,hidden_noise,merged,0.0000,0.6,2025,0.01130000,v3r2-ef75a19e528d8fd72d8a,v3r2-2219ac1669e3b07d1de2
ss_ebm_minus_ss,confirmation,nonIID,hidden_noise,cart,0.0003,0.2,2026,-0.00025001,v3r2-f8762f8b3b3ee36184ce,v3r2-f9428edfe3fd7b8cdc50
ss_ebm_minus_ss,confirmation,nonIID,hidden_noise,cart,0.0003,0.2,2027,-0.00184000,v3r2-621ff7d9cbc8be7fbc55,v3r2-6abebc2a38ddeafeb18b
ss_ebm_minus_ss,confirmation,nonIID,hidden_noise,cart,0.0003,0.2,2028,0.00201002,v3r2-f5be0fe9e2de52c00281,v3r2-7f9b70b2d5231e8d8d8f
ss_ebm_minus_ss,confirmation,nonIID,hidden_noise,cart,0.0003,0.3,2026,-0.02218002,v3r2-73e2124e77f5a3268812,v3r2-f1fca65350417fb61bad
ss_ebm_minus_ss,confirmation,nonIID,hidden_noise,cart,0.0003,0.3,2027,0.03424999,v3r2-47c4227af09724a10591,v3r2-031320ee2537597c888b
ss_ebm_minus_ss,confirmation,nonIID,hidden_noise,cart,0.0003,0.3,2028,-0.00152999,v3r2-38c53fd0638da3c0aaca,v3r2-aaf56c77205c7b9919b7
ss_ebm_minus_ss,confirmation,nonIID,hidden_noise,cart,0.0005,0.5,2026,-0.00007000,v3r2-ff7bd977ae0527d5a90c,v3r2-8d804696938a22f5434f
ss_ebm_minus_ss,confirmation,nonIID,hidden_noise,cart,0.0005,0.5,2027,-0.01122000,v3r2-8b9ca70390307b3d6d69,v3r2-34b2552cbe169c5b4430
ss_ebm_minus_ss,confirmation,nonIID,hidden_noise,cart,0.0005,0.5,2028,0.00000000,v3r2-ec02992692d7734884d3,v3r2-161157b834a7f8115fec
ss_ebm_minus_ss,confirmation,nonIID,hidden_noise,cart,0.0005,0.6,2026,0.00006000,v3r2-9a30e2818c2ee59664ed,v3r2-61688c34008bc18b9abb
ss_ebm_minus_ss,confirmation,nonIID,hidden_noise,cart,0.0005,0.6,2027,0.00003000,v3r2-9e663543ba678e2f5933,v3r2-eccc732b8b3e518e2aa5
ss_ebm_minus_ss,confirmation,nonIID,hidden_noise,cart,0.0005,0.6,2028,0.00000000,v3r2-420cbba5a3f7fb6a4eaf,v3r2-ead9d94530cca9e66c4a
ss_ebm_minus_ss,confirmation,nonIID,hidden_noise,cart,0.0010,0.4,2026,0.00017002,v3r2-cbc08489b2148b9844bb,v3r2-64522d5e10ab58b9b37c
ss_ebm_minus_ss,confirmation,nonIID,hidden_noise,cart,0.0010,0.4,2027,-0.01348001,v3r2-72bf3b4121f5b68936d0,v3r2-b8636a50823befa0bc7b
ss_ebm_minus_ss,confirmation,nonIID,hidden_noise,cart,0.0010,0.4,2028,0.01461998,v3r2-0a5f3f08907fc1c2f3c9,v3r2-4c413d71dcff15c314b0
