run_id,phase,split,approach,environment,mitigation,cart_gamma,sigma,seed,final_average,final_worst,last10_mean,last10_std,learning_curve_auc,runtime_seconds,peak_gpu_bytes
v3r2-2c6ec6b556d624b1ad98,calibration,nonIID,cart,clean,none,0.0000,0.0,2025,0.46939999,0.46939999,0.41445312,0.04722234,0.30856007,476.679,2445612800
v3r2-add9ed0cf99cb1cffb03,calibration,nonIID,cart,clean,none,0.0003,0.0,2025,0.46939999,0.46939999,0.41445312,0.04722234,0.30856007,530.512,2745513984
v3r2-efc4f7144e4d88ecb67e,calibration,nonIID,cart,clean,none,0.0005,0.0,2025,0.46939999,0.46939999,0.41445312,0.04722234,0.30856007,588.300,3066113536
v3r2-8a5120b92959b358f91d,calibration,nonIID,cart,clean,none,0.0010,0.0,2025,0.46939999,0.46939999,0.41445312,0.04722234,0.30856007,606.676,3436541952
v3r2-71e454abb6a841291459,calibration,nonIID,cart,hidden_noise,ss,0.0000,0.2,2025,0.32457000,0.23510000,0.31777344,0.00950014,0.27041620,659.292,2513542400
v3r2-f3274069dbeecf4acb21,calibration,nonIID,cart,hidden_noise,ss,0.0003,0.2,2025,0.31369999,0.21290000,0.30899609,0.00792060,0.26183054,819.653,2800079872
v3r2-050136ed5c4e11c89c39,calibration,nonIID,cart,hidden_noise,ss,0.0005,0.2,2025,0.32843000,0.22310001,0.31766016,0.00985259,0.26945108,945.072,3128498432
v3r2-e8c10d0ed744bedc636f,calibration,nonIID,cart,hidden_noise,ss,0.0010,0.2,2025,0.33857000,0.24950001,0.32269141,0.01124850,0.27390760,992.657,3496839936
v3r2-abe9282443a477caa1a9,calibration,nonIID,cart,hidden_noise,ss_ebm,0.0003,0.2,2025,0.32393000,0.22920001,0.31528516,0.00899371,0.26677871,1015.436,3668315392
v3r2-fadfbcc1e42f346e824a,calibration,nonIID,cart,hidden_noise,ss_ebm,0.0003,0.2,2025,0.31601000,0.21920000,0.30532421,0.00896838,0.25930429,1032.162,3720413696
v3r2-f124d977dd896a0a097a,calibration,nonIID,cart,hidden_noise,ss_ebm,0.0004,0.2,2025,0.32023999,0.21810000,0.30901953,0.00998454,0.26074958,1054.540,3794402816
v3r2-a79405c3c7cf3a2a5bfe,calibration,nonIID,cart,hidden_noise,ss_ebm,0.0000,0.2,2025,0.31848001,0.21040000,0.30680859,0.00892503,0.26319638,1026.884,3660956160
v3r2-a25483a918164d3f7a2d,calibration,nonIID,cart,hidden_noise,ss_ebm,0.0003,0.2,2025,0.31334001,0.20900001,0.30793750,0.00733006,0.26372373,1032.287,3755026176
v3r2-0d0c2c7843f945a5f2e5,calibration,nonIID,cart,hidden_noise,ss_ebm,0.0005,0.2,2025,0.31158999,0.19900000,0.30219922,0.00912480,0.25390220,1044.029,3753914368
v3r2-43e99bfe9b547b8046f0,calibration,nonIID,cart,hidden_noise,ss_ebm,0.0010,0.2,2025,0.30601999,0.20160000,0.29779297,0.00922803,0.25011247,1061.507,3806304768
v3r2-b202bcbf1f6cb5ad5c81,calibration,nonIID,cart,hidden_noise,ss,0.0000,0.4,2025,0.29185000,0.16880000,0.29228125,0.00687196,0.25425240,671.874,2559933696
v3r2-4304a683c76895af9e7f,calibration,nonIID,cart,hidden_noise,ss,0.0003,0.4,2025,0.29943001,0.18250000,0.29841016,0.00678519,0.25650188,866.472,2879705088
v3r2-153db1f656a983160a60,calibration,nonIID,cart,hidden_noise,ss,0.0005,0.4,2025,0.31104001,0.19200000,0.30337890,0.00878010,0.26120353,989.307,3234170368
v3r2-2ba49bfd0b11559f189d,calibration,nonIID,cart,hidden_noise,ss,0.0010,0.4,2025,0.29254001,0.16990000,0.28894922,0.00634054,0.25041014,1021.736,3594105600
v3r2-3b5ec03bf53b8e20910d,calibration,nonIID,cart,hidden_noise,ss_ebm,0.0000,0.4,2025,0.29719001,0.19870000,0.29507422,0.00710181,0.25773841,1241.515,4442483712
v3r2-8d42d38912bb082109b0,calibration,nonIID,cart,hidden_noise,ss_ebm,0.0003,0.4,2025,0.29339999,0.17820001,0.29223437,0.00781425,0.24832569,1398.205,4833063680
v3r2-97d21f05f34f58b416d7,calibration,nonIID,cart,hidden_noise,ss_ebm,0.0005,0.4,2025,0.29469001,0.18260001,0.29084375,0.00659308,0.25156319,1505.133,5107090688
v3r2-847984303cc456c23319,calibration,nonIID,cart,hidden_noise,ss_ebm,0.0010,0.4,2025,0.31053999,0.21610001,0.30114453,0.00874529,0.25991246,1544.737,5509943552
v3r2-a57efe9b23e9582fa9e4,calibration,nonIID,cart,hidden_noise,ss,0.0000,0.6,2025,0.25038001,0.15099999,0.26064844,0.00357601,0.23576170,723.253,2659761664
v3r2-df91988e6d8a113c21be,calibration,nonIID,cart,hidden_noise,ss,0.0003,0.6,2025,0.25968999,0.16640000,0.27044140,0.00492773,0.24533068,918.617,2983886336
v3r2-20a2ae2c2ee36de6bbb5,calibration,nonIID,cart,hidden_noise,ss,0.0005,0.6,2025,0.26159999,0.15989999,0.26537500,0.00292595,0.24087822,1005.610,3324339456
v3r2-fb17f83c3a6beda51c87,calibration,nonIID,cart,hidden_noise,ss,0.0010,0.6,2025,0.26054999,0.16700000,0.26850781,0.00360459,0.24127021,1040.217,3709747968
v3r2-79c49eed876c8df7b995,calibration,nonIID,cart,hidden_noise,ss_ebm,0.0000,0.6,2025,0.26168001,0.15350001,0.27442188,0.00357757,0.24878974,1278.698,4554744064
v3r2-03b2f3c422af4d7a98c6,calibration,nonIID,cart,hidden_noise,ss_ebm,0.0003,0.6,2025,0.27169999,0.15340000,0.27416016,0.00234747,0.24517173,1450.115,4879977984
v3r2-54782f86d01ff77ed0f0,calibration,nonIID,cart,hidden_noise,ss_ebm,0.0005,0.6,2025,0.27638000,0.16880000,0.27735156,0.00349686,0.24511047,1506.486,5216909056
v3r2-b193e67ec7f519a15db4,calibration,nonIID,cart,hidden_noise,ss_ebm,0.0010,0.6,2025,0.25749001,0.16680001,0.26737500,0.00500442,0.24354662,1525.339,5606374144
v3r2-1e624bd03e7e88186340,calibration,nonIID,merged,clean,none,0.0000,0.0,2025,0.46939999,0.46939999,0.41445312,0.04722234,0.30856007,424.795,1925050368
v3r2-2cac9f85b7cba3cb5a10,calibration,nonIID,merged,hidden,none,0.0000,0.0,2025,0.10000000,0.10000000,0.11938672,0.02843202,0.19618066,396.628,1872483584
v3r2-520ea74de45469ca5238,calibration,nonIID,merged,hidden,ss,0.0000,0.0,2025,0.31676000,0.20980000,0.30491797,0.00995902,0.25487742,439.655,1876253184
v3r2-59ef510c4b2f9b77e3de,calibration,nonIID,merged,hidden_noise,ss,0.0000,0.2,2025,0.32457000,0.23510000,0.31777344,0.00950014,0.27041620,516.057,1935550720
v3r2-ce9b5d984734640892b7,calibration,nonIID,merged,hidden_noise,ss_ebm,0.0000,0.2,2025,0.31848001,0.21040000,0.30680859,0.00892503,0.26319638,1001.363,3661030144
v3r2-00853342c377a42a9c5f,calibration,nonIID,merged,hidden_noise,ss,0.0000,0.4,2025,0.29185000,0.16880000,0.29228125,0.00687196,0.25425240,551.250,2164158208
v3r2-39ea091aa620b4b2317f,calibration,nonIID,merged,hidden_noise,ss_ebm,0.0000,0.4,2025,0.29719001,0.19870000,0.29507422,0.00710181,0.25773841,1082.975,4124488960
v3r2-2219ac1669e3b07d1de2,calibration,nonIID,merged,hidden_noise,ss,0.0000,0.6,2025,0.25038001,0.15099999,0.26064844,0.00357601,0.23576170,612.594,2347880448
v3r2-ef75a19e528d8fd72d8a,calibration,nonIID,merged,hidden_noise,ss_ebm,0.0000,0.6,2025,0.26168001,0.15350001,0.27442188,0.00357757,0.24878974,1122.185,4244027904
v3r2-c025cc34a52a39830f82,calibration,nonIID,merged,noise,ebm,0.0000,0.2,2025,0.32515001,0.19069999,0.31279688,0.01077523,0.25738347,958.859,3687020288
v3r2-9b1f8d9625f77c720384,calibration,nonIID,merged,noise,none,0.0000,0.2,2025,0.32350001,0.19890000,0.31111328,0.00937977,0.25474203,453.994,1897794048
v3r2-b82f3d448ff78c244366,calibration,nonIID,merged,noise,ebm,0.0000,0.4,2025,0.31220001,0.18300000,0.30159765,0.00972770,0.25038117,1003.865,3912968448
v3r2-dcf9c7a80da0168224cf,calibration,nonIID,merged,noise,none,0.0000,0.4,2025,0.30871001,0.16660000,0.30414844,0.00856420,0.25182515,484.926,2118469888
v3r2-729da0aef16786445a11,calibration,nonIID,merged,noise,ebm,0.0000,0.6,2025,0.28865999,0.17070000,0.28464454,0.00608902,0.24500607,1022.821,4242077440
v3r2-ccc36c6267f61041e4a1,calibration,nonIID,merged,noise,none,0.0000,0.6,2025,0.28613001,0.17020001,0.28297265,0.00360991,0.24217808,497.924,2282885376
v3r2-46f37caf8ac416678e67,confirmation,nonIID,cart,clean,none,0.0010,0.0,2026,0.63349998,0.63349998,0.63203125,0.00422163,0.48637941,1319.064,2020507136
v3r2-7304411826a299ff8fe4,confirmation,nonIID,cart,clean,none,0.0010,0.0,2027,0.61379999,0.61379999,0.60460937,0.00392107,0.41998899,1296.067,1836384768
v3r2-c822c005525de1acf1c9,confirmation,nonIID,cart,clean,none,0.0010,0.0,2028,0.63730001,0.63730001,0.63738281,0.00618632,0.48624527,1296.592,1953953792
v3r2-3dd68443d9422f174520,confirmation,nonIID,cart,hidden,none,0.0010,0.0,2026,0.10000000,0.10000000,0.10042969,0.00019841,0.12922587,1347.163,1951676416
v3r2-3ef30e8a5e7acb81bea1,confirmation,nonIID,cart,hidden,none,0.0010,0.0,2027,0.10000000,0.10000000,0.09986719,0.00040187,0.11884903,1318.152,1834300160
v3r2-74d44ddd676ae9be55b7,confirmation,nonIID,cart,hidden,none,0.0010,0.0,2028,0.10000000,0.10000000,0.09967969,0.00040058,0.13117069,1321.564,1979217152
v3r2-5fda021d5bb8c2a782a6,confirmation,nonIID,cart,hidden,ss,0.0010,0.0,2026,0.45256999,0.36210001,0.45498437,0.00309533,0.36878911,1407.248,2034612480
v3r2-12d604b81bffc5955c11,confirmation,nonIID,cart,hidden,ss,0.0010,0.0,2027,0.49101999,0.31470001,0.48544922,0.00419907,0.36869812,1473.845,1795077376
v3r2-316457929185bbfeb451,confirmation,nonIID,cart,hidden,ss,0.0010,0.0,2028,0.43522000,0.38330001,0.42768750,0.00270818,0.36575973,1408.133,1982915584
v3r2-afe346015f6792aa8c18,confirmation,nonIID,cart,hidden_noise,ebm,0.0003,0.2,2026,0.10000000,0.10000000,0.10042969,0.00019841,0.12893744,3165.546,3743339776
v3r2-2859b8869dbd47e483b8,confirmation,nonIID,cart,hidden_noise,ebm,0.0003,0.2,2027,0.10000000,0.10000000,0.09994922,0.00037591,0.11799440,3169.555,3650864384
v3r2-d646ed47f22a530b43b6,confirmation,nonIID,cart,hidden_noise,ebm,0.0003,0.2,2028,0.10000000,0.10000000,0.09973828,0.00038869,0.12975694,3185.725,3710903296
v3r2-457b79fc8c8ca5b1b685,confirmation,nonIID,cart,hidden_noise,none,0.0003,0.2,2026,0.10000000,0.10000000,0.10042969,0.00019841,0.12956184,1473.204,1982177024
v3r2-23d058fab4dd413162f8,confirmation,nonIID,cart,hidden_noise,none,0.0003,0.2,2027,0.10000000,0.10000000,0.09994922,0.00037591,0.12029888,1468.193,1846830848
v3r2-5285b5a0ef6e1427062b,confirmation,nonIID,cart,hidden_noise,none,0.0003,0.2,2028,0.10000000,0.10000000,0.09980078,0.00036870,0.13005920,1470.482,2022811904
v3r2-f9428edfe3fd7b8cdc50,confirmation,nonIID,cart,hidden_noise,ss,0.0003,0.2,2026,0.43406001,0.33300000,0.43405859,0.00288870,0.36195034,1553.617,1967738368
v3r2-6abebc2a38ddeafeb18b,confirmation,nonIID,cart,hidden_noise,ss,0.0003,0.2,2027,0.46948999,0.31430000,0.46698437,0.00595279,0.37171564,1559.179,1847373824
v3r2-7f9b70b2d5231e8d8d8f,confirmation,nonIID,cart,hidden_noise,ss,0.0003,0.2,2028,0.41795999,0.36269999,0.41453906,0.00265284,0.35953736,1558.513,2019792128
v3r2-f8762f8b3b3ee36184ce,confirmation,nonIID,cart,hidden_noise,ss_ebm,0.0003,0.2,2026,0.43381000,0.31940001,0.43383984,0.00376317,0.35825655,3249.592,3737126912
v3r2-621ff7d9cbc8be7fbc55,confirmation,nonIID,cart,hidden_noise,ss_ebm,0.0003,0.2,2027,0.46765000,0.30840001,0.45895313,0.00537707,0.35927948,3279.276,3630057472
v3r2-f5be0fe9e2de52c00281,confirmation,nonIID,cart,hidden_noise,ss_ebm,0.0003,0.2,2028,0.41997001,0.33880001,0.41645312,0.00270361,0.36339468,3318.149,3741690112
v3r2-ac9a4b0a231ba4de2638,confirmation,nonIID,cart,hidden_noise,ebm,0.0003,0.3,2026,0.10000000,0.10000000,0.10042969,0.00019841,0.12703028,3161.321,3771389952
v3r2-bc7f89c0742436054919,confirmation,nonIID,cart,hidden_noise,ebm,0.0003,0.3,2027,0.10000000,0.10000000,0.09994922,0.00037591,0.11782650,3157.646,3600079616
v3r2-8a9da1267b2c69b361bb,confirmation,nonIID,cart,hidden_noise,ebm,0.0003,0.3,2028,0.10000000,0.10000000,0.09967969,0.00040058,0.12976779,3180.406,3758716672
v3r2-55240c4e237f26db60ea,confirmation,nonIID,cart,hidden_noise,none,0.0003,0.3,2026,0.10000000,0.10000000,0.10042969,0.00019841,0.12773597,1472.100,1965273600
v3r2-6f4b535717f23ba0ebfb,confirmation,nonIID,cart,hidden_noise,none,0.0003,0.3,2027,0.10000000,0.10000000,0.09986719,0.00040187,0.11813624,1465.508,1792837120
v3r2-a6fa594758114462f8cc,confirmation,nonIID,cart,hidden_noise,none,0.0003,0.3,2028,0.10000000,0.10000000,0.09973828,0.00038869,0.12985460,1467.091,2005976064
v3r2-f1fca65350417fb61bad,confirmation,nonIID,cart,hidden_noise,ss,0.0003,0.3,2026,0.39105001,0.24980000,0.39442969,0.00351277,0.34601775,1557.835,1998873088
v3r2-031320ee2537597c888b,confirmation,nonIID,cart,hidden_noise,ss,0.0003,0.3,2027,0.40412000,0.25520000,0.40252344,0.00457459,0.31418186,1554.334,1821810688
v3r2-aaf56c77205c7b9919b7,confirmation,nonIID,cart,hidden_noise,ss,0.0003,0.3,2028,0.37955999,0.28099999,0.37417578,0.00329681,0.34148750,1555.410,2020730368
v3r2-73e2124e77f5a3268812,confirmation,nonIID,cart,hidden_noise,ss_ebm,0.0003,0.3,2026,0.36886999,0.24370000,0.37548437,0.00330290,0.33200324,3243.609,3738954496
v3r2-47c4227af09724a10591,confirmation,nonIID,cart,hidden_noise,ss_ebm,0.0003,0.3,2027,0.43836999,0.31479999,0.43068750,0.00495362,0.34728479,3347.992,3615063296
v3r2-38c53fd0638da3c0aaca,confirmation,nonIID,cart,hidden_noise,ss_ebm,0.0003,0.3,2028,0.37803000,0.28659999,0.38337891,0.00466044,0.34759730,3266.405,3718264064
v3r2-c53e61ded2d35a37d498,confirmation,nonIID,cart,hidden_noise,ebm,0.0010,0.4,2026,0.10000000,0.10000000,0.10042969,0.00019841,0.12750180,3164.163,3748553984
v3r2-c8d61d00af2c8cabd347,confirmation,nonIID,cart,hidden_noise,ebm,0.0010,0.4,2027,0.10000000,0.10000000,0.09994922,0.00037591,0.12036517,3194.209,3606179328
v3r2-330d1e91edd59eb4f557,confirmation,nonIID,cart,hidden_noise,ebm,0.0010,0.4,2028,0.10000000,0.10000000,0.09973828,0.00038869,0.12995660,3176.658,3740062464
v3r2-d756edc1a72d756760d7,confirmation,nonIID,cart,hidden_noise,none,0.0010,0.4,2026,0.10000000,0.10000000,0.10042969,0.00019841,0.12635261,1468.746,1981897216
v3r2-4988b70d3b9d09dc61f5,confirmation,nonIID,cart,hidden_noise,none,0.0010,0.4,2027,0.10000000,0.10000000,0.09986719,0.00040187,0.11866595,1446.047,1863230464
v3r2-587a7307749144a46478,confirmation,nonIID,cart,hidden_noise,none,0.0010,0.4,2028,0.10000000,0.10000000,0.09973828,0.00038869,0.12976779,1470.460,2011324416
v3r2-64522d5e10ab58b9b37c,confirmation,nonIID,cart,hidden_noise,ss,0.0010,0.4,2026,0.27794999,0.20870000,0.28448438,0.00630021,0.30324084,1559.404,2007842816
v3r2-b8636a50823befa0bc7b,confirmation,nonIID,cart,hidden_noise,ss,0.0010,0.4,2027,0.31968001,0.20700000,0.32301171,0.00508783,0.30887389,1557.389,1818831616
v3r2-4c413d71dcff15c314b0,confirmation,nonIID,cart,hidden_noise,ss,0.0010,0.4,2028,0.27044001,0.17050000,0.28316016,0.00655201,0.30260912,1553.837,1962248960
v3r2-cbc08489b2148b9844bb,confirmation,nonIID,cart,hidden_noise,ss_ebm,0.0010,0.4,2026,0.27812001,0.19159999,0.29085938,0.00755941,0.30873895,3238.502,3776805120
v3r2-72bf3b4121f5b68936d0,confirmation,nonIID,cart,hidden_noise,ss_ebm,0.0010,0.4,2027,0.30620000,0.20649999,0.31059766,0.00582948,0.28242877,3259.252,3567035136
v3r2-0a5f3f08907fc1c2f3c9,confirmation,nonIID,cart,hidden_noise,ss_ebm,0.0010,0.4,2028,0.28505999,0.14770000,0.28521093,0.00444099,0.30857325,3257.457,3712014336
v3r2-08e8bc7ca846c963ee40,confirmation,nonIID,cart,hidden_noise,ebm,0.0005,0.5,2026,0.10000000,0.10000000,0.10042969,0.00019841,0.12639068,3165.579,3716752384
v3r2-46b77399716427cc6050,confirmation,nonIID,cart,hidden_noise,ebm,0.0005,0.5,2027,0.10000000,0.10000000,0.09986719,0.00040187,0.11494476,3167.052,3639100416
v3r2-886e36fbedd4d8ca73a5,confirmation,nonIID,cart,hidden_noise,ebm,0.0005,0.5,2028,0.10000000,0.10000000,0.09973828,0.00038869,0.12691998,3173.925,3757835776
v3r2-3c0542583c1552371fdb,confirmation,nonIID,cart,hidden_noise,none,0.0005,0.5,2026,0.10000000,0.10000000,0.10042969,0.00019841,0.12738223,1471.555,1990535936
v3r2-17587f4ee32c0f948a25,confirmation,nonIID,cart,hidden_noise,none,0.0005,0.5,2027,0.10000000,0.10000000,0.09994922,0.00037591,0.11414535,1467.203,1829824512
v3r2-06fd410e3fb9705eedce,confirmation,nonIID,cart,hidden_noise,none,0.0005,0.5,2028,0.10000000,0.10000000,0.09980078,0.00036870,0.12862454,1469.772,1968606720
v3r2-8d804696938a22f5434f,confirmation,nonIID,cart,hidden_noise,ss,0.0005,0.5,2026,0.10008000,0.10000000,0.11140625,0.00996747,0.23686533,1561.171,1963995136
v3r2-34b2552cbe169c5b4430,confirmation,nonIID,cart,hidden_noise,ss,0.0005,0.5,2027,0.11123000,0.09990000,0.14036328,0.02117531,0.23499587,1558.617,1776688896
v3r2-161157b834a7f8115fec,confirmation,nonIID,cart,hidden_noise,ss,0.0005,0.5,2028,0.10000000,0.10000000,0.10125000,0.00222245,0.24496053,1568.835,2002133504
v3r2-ff7bd977ae0527d5a90c,confirmation,nonIID,cart,hidden_noise,ss_ebm,0.0005,0.5,2026,0.10001000,0.10000000,0.10589453,0.00990020,0.24148515,3243.486,3749033728
v3r2-8b9ca70390307b3d6d69,confirmation,nonIID,cart,hidden_noise,ss_ebm,0.0005,0.5,2027,0.10001000,0.10000000,0.10847265,0.01065439,0.22927575,3235.017,3619995648
v3r2-ec02992692d7734884d3,confirmation,nonIID,cart,hidden_noise,ss_ebm,0.0005,0.5,2028,0.10000000,0.10000000,0.11922656,0.01268424,0.24441247,3261.363,3760397568
v3r2-be8d51610219c2ea0f38,confirmation,nonIID,cart,hidden_noise,ebm,0.0005,0.6,2026,0.10000000,0.10000000,0.10042969,0.00019841,0.12774169,3214.907,3742318336
v3r2-a898a9597783d63e366e,confirmation,nonIID,cart,hidden_noise,ebm,0.0005,0.6,2027,0.10000000,0.10000000,0.09994922,0.00037591,0.11464745,3257.778,3598990080
v3r2-e51a31d3a70b8e9244fc,confirmation,nonIID,cart,hidden_noise,ebm,0.0005,0.6,2028,0.10000000,0.10000000,0.09980078,0.00036870,0.12852351,3182.638,3727700992
v3r2-cf157904e30777026947,confirmation,nonIID,cart,hidden_noise,none,0.0005,0.6,2026,0.10000000,0.10000000,0.10042969,0.00019841,0.12630960,1465.506,1940632064
v3r2-4acc7d5f1f5206aad88b,confirmation,nonIID,cart,hidden_noise,none,0.0005,0.6,2027,0.10000000,0.10000000,0.09994922,0.00037591,0.11542534,1469.079,1844760064
v3r2-9c6f7701901113f9023d,confirmation,nonIID,cart,hidden_noise,none,0.0005,0.6,2028,0.10000000,0.10000000,0.09973828,0.00038869,0.12794548,1466.579,1980319232
v3r2-61688c34008bc18b9abb,confirmation,nonIID,cart,hidden_noise,ss,0.0005,0.6,2026,0.09994000,0.09940000,0.10064063,0.00034152,0.17835326,1565.716,2001246464
v3r2-eccc732b8b3e518e2aa5,confirmation,nonIID,cart,hidden_noise,ss,0.0005,0.6,2027,0.09997000,0.09970000,0.09997266,0.00033194,0.16554075,1551.523,1824392704
v3r2-ead9d94530cca9e66c4a,confirmation,nonIID,cart,hidden_noise,ss,0.0005,0.6,2028,0.10000000,0.10000000,0.10055078,0.00017595,0.18977192,1557.025,1979004672
v3r2-9a30e2818c2ee59664ed,confirmation,nonIID,cart,hidden_noise,ss_ebm,0.0005,0.6,2026,0.10000000,0.10000000,0.10060938,0.00030167,0.18010831,3235.720,3718474752
v3r2-9e663543ba678e2f5933,confirmation,nonIID,cart,hidden_noise,ss_ebm,0.0005,0.6,2027,0.10000000,0.10000000,0.09994922,0.00037591,0.12392123,3330.629,3617918464
v3r2-420cbba5a3f7fb6a4eaf,confirmation,nonIID,cart,hidden_noise,ss_ebm,0.0005,0.6,2028,0.10000000,0.10000000,0.10060547,0.00009448,0.18767260,3250.462,3747611648
v3r2-9eb14abc7551df412b48,confirmation,nonIID,cart,noise,ebm,0.0003,0.2,2026,0.49945000,0.35820001,0.49986328,0.00384019,0.39414713,3156.169,3744431360
v3r2-04b664708a02bc2497e5,confirmation,nonIID,cart,noise,ebm,0.0003,0.2,2027,0.47874999,0.33320001,0.47150781,0.00479948,0.36060899,3151.854,3606539008
v3r2-4e5375e6edd659e8d538,confirmation,nonIID,cart,noise,ebm,0.0003,0.2,2028,0.46342000,0.39120001,0.45999219,0.00474010,0.37773263,3195.866,3725953024
v3r2-26b028451080eefa6a5c,confirmation,nonIID,cart,noise,none,0.0003,0.2,2026,0.49472001,0.35820001,0.49758203,0.00355178,0.39365751,1459.806,1997739776
v3r2-93a65cc2c5598fe5c248,confirmation,nonIID,cart,noise,none,0.0003,0.2,2027,0.49233001,0.34430000,0.48499219,0.00547090,0.36924466,1454.080,1847569408
v3r2-0d451793980d43a73fe3,confirmation,nonIID,cart,noise,none,0.0003,0.2,2028,0.45675999,0.38839999,0.45444531,0.00336862,0.37272632,1455.634,1980706048
v3r2-9c1c0f5908bab0756502,confirmation,nonIID,cart,noise,ebm,0.0003,0.3,2026,0.46406001,0.34119999,0.46730859,0.00266900,0.37340847,3150.593,3758740224
v3r2-8ce3df00a7c70e64a2eb,confirmation,nonIID,cart,noise,ebm,0.0003,0.3,2027,0.46645001,0.32589999,0.46171875,0.00561829,0.35304469,3190.672,3641903104
v3r2-c84c7f119f4abf1f5781,confirmation,nonIID,cart,noise,ebm,0.0003,0.3,2028,0.45074999,0.39150000,0.44772265,0.00313592,0.37063980,3166.319,3857702912
v3r2-e367874a415f57fad9dc,confirmation,nonIID,cart,noise,none,0.0003,0.3,2026,0.46577999,0.32300001,0.46699609,0.00512355,0.37573531,1462.753,2010526464
v3r2-6d25ecea11f0270f8650,confirmation,nonIID,cart,noise,none,0.0003,0.3,2027,0.46278000,0.31639999,0.45919140,0.00377187,0.35416529,1458.137,1841898496
v3r2-eea148ca166db5599c51,confirmation,nonIID,cart,noise,none,0.0003,0.3,2028,0.43222001,0.37120000,0.43178516,0.00285995,0.36196294,1462.027,1982832384
v3r2-d1a83af9126e6781f8d2,confirmation,nonIID,cart,noise,ebm,0.0010,0.4,2026,0.41194001,0.26940000,0.41731250,0.00454597,0.35276589,3151.433,3746077696
v3r2-e46374750a269042f078,confirmation,nonIID,cart,noise,ebm,0.0010,0.4,2027,0.41192001,0.30239999,0.41396094,0.00315934,0.34090593,3284.496,3609677056
v3r2-a83d7fa6bb616758c5d9,confirmation,nonIID,cart,noise,ebm,0.0010,0.4,2028,0.40103000,0.34529999,0.39830078,0.00308224,0.34911889,3182.430,3740603904
v3r2-a59ab8f1150be67e4398,confirmation,nonIID,cart,noise,none,0.0010,0.4,2026,0.41545999,0.30730000,0.41756641,0.00398181,0.35126695,1458.200,1983867136
v3r2-d74fce503a08a11bf551,confirmation,nonIID,cart,noise,none,0.0010,0.4,2027,0.41011000,0.28740001,0.40748828,0.00331958,0.33379242,1453.150,1863098368
v3r2-a1e21ffe2d63f485da32,confirmation,nonIID,cart,noise,none,0.0010,0.4,2028,0.39590999,0.33579999,0.39484765,0.00397837,0.34405935,1455.934,1984443136
v3r2-ec78bf7a32ad011d15bf,confirmation,nonIID,cart,noise,ebm,0.0005,0.5,2026,0.31024000,0.22420000,0.31821094,0.00819346,0.31497711,3150.288,3714008832
v3r2-01cbfdbadd014d71bf52,confirmation,nonIID,cart,noise,ebm,0.0005,0.5,2027,0.29663000,0.20440000,0.29691797,0.00410697,0.28224650,3146.070,3610327808
v3r2-dcb5869bd413111425a7,confirmation,nonIID,cart,noise,ebm,0.0005,0.5,2028,0.29719999,0.16830000,0.30147266,0.00472663,0.29884985,3161.271,3806566400
v3r2-be2a3b07cda659fb919f,confirmation,nonIID,cart,noise,none,0.0005,0.5,2026,0.29273999,0.21290000,0.30881250,0.00658279,0.31349018,1462.256,1984213504
v3r2-c45c0ba932abdb58f854,confirmation,nonIID,cart,noise,none,0.0005,0.5,2027,0.27537999,0.18719999,0.28824609,0.00700232,0.27697599,1436.371,1915527680
v3r2-f3fb44e8947ff3e1f2eb,confirmation,nonIID,cart,noise,none,0.0005,0.5,2028,0.31198001,0.17880000,0.31632422,0.00411936,0.30853242,1459.618,2007540736
v3r2-86c92226f1d004f40eee,confirmation,nonIID,cart,noise,ebm,0.0005,0.6,2026,0.10496000,0.09840000,0.13535156,0.01614643,0.25129655,3139.571,3713038080
v3r2-4fe7902d30d1ba6365d9,confirmation,nonIID,cart,noise,ebm,0.0005,0.6,2027,0.09999000,0.09990000,0.09975391,0.00065458,0.20204526,3155.825,3561250560
v3r2-e3b8bc83a3c4e6210c88,confirmation,nonIID,cart,noise,ebm,0.0005,0.6,2028,0.11742000,0.10000000,0.14634375,0.01799823,0.25201091,3153.663,3705975296
v3r2-d5ab0834957ca336074b,confirmation,nonIID,cart,noise,none,0.0005,0.6,2026,0.10001000,0.10000000,0.13191797,0.02260941,0.24352863,1458.356,1974125056
v3r2-346d5e5632ba5da71f31,confirmation,nonIID,cart,noise,none,0.0005,0.6,2027,0.10000000,0.10000000,0.10268359,0.00436141,0.20298570,1454.027,1810018560
v3r2-fce235864052a11f8568,confirmation,nonIID,cart,noise,none,0.0005,0.6,2028,0.10856000,0.09990000,0.14208203,0.01886367,0.24916925,1462.098,1998731520
v3r2-84ee44892b7af1aacde1,confirmation,nonIID,merged,clean,none,0.0000,0.0,2026,0.63349998,0.63349998,0.63203125,0.00422163,0.48637941,1291.122,1970463232
v3r2-c5458637ff9e134f488b,confirmation,nonIID,merged,hidden,none,0.0000,0.0,2026,0.10000000,0.10000000,0.10042969,0.00019841,0.12930517,1313.196,1921224960
v3r2-8681a16d6cbf5ca39961,confirmation,nonIID,merged,hidden,ss,0.0000,0.0,2026,0.45609000,0.33239999,0.45219531,0.00297599,0.36752069,1430.001,2142984448
v3r2-511c52eb1f2b073c9f43,confirmation,nonIID,merged,noise,none,0.0000,0.2,2026,0.49579999,0.36820000,0.49550391,0.00453876,0.38780421,1497.992,2186349312
