run_id,phase,split,approach,environment,mitigation,ebm_mode,protocol_revision,internal_microbatch,precision_profile,jit_compile,optimizer_state_mode,sigma,seed,final_average_accuracy,final_worst_accuracy,learning_curve_auc,runtime_seconds
v4-b51edb90193839680db71ce1,diagnostic,IID,cart,clean,none,none,campaign4-2026-08-03-r2,512,mixed_bfloat16,False,persistent,0.0,2025,0.8452200293540955,0.8414000272750854,0.7542934417724609,666.8288808350007
v4-2a5045b51100a1a3f057caff,diagnostic,IID,cart,clean,none,none,campaign4-2026-08-03-r2,512,mixed_bfloat16,False,persistent,0.0,2026,0.8433200120925903,0.8367999792098999,0.7536026239395142,690.4191379920012
v4-5a94e2b6cc3ae0a584bde035,diagnostic,IID,cart,clean,none,none,campaign4-2026-08-03-r2,512,mixed_bfloat16,False,persistent,0.0,2027,0.8420000076293945,0.8352000117301941,0.7549936175346375,690.5338489230053
v4-65e4d825e5560fcbbc556946,diagnostic,IID,cart,clean,none,none,campaign4-2026-08-03-r2,512,mixed_bfloat16,False,persistent,0.0,2028,0.8437100052833557,0.8364999890327454,0.7494418025016785,665.272448187
v4-e20d83c23b0aaea88cda88d9,diagnostic,IID,cart,hidden,ss,none,campaign4-2026-08-03-r2,512,mixed_bfloat16,False,persistent,0.0,2025,0.8177199959754944,0.7993999719619751,0.7275988459587097,706.2615895060007
v4-d2661cf8bc6b1123d409523d,diagnostic,IID,cart,hidden,ss,none,campaign4-2026-08-03-r2,512,mixed_bfloat16,False,persistent,0.0,2026,0.8190000057220459,0.8059999942779541,0.7338746786117554,734.7779616499975
v4-7f72bc794b0a8cadda2226da,diagnostic,IID,cart,hidden,ss,none,campaign4-2026-08-03-r2,512,mixed_bfloat16,False,persistent,0.0,2027,0.8243899941444397,0.8055999875068665,0.7335856556892395,729.2952027909996
v4-7d65b1abbafc944d1efc4bc4,diagnostic,IID,cart,hidden,ss,none,campaign4-2026-08-03-r2,512,mixed_bfloat16,False,persistent,0.0,2028,0.8191800117492676,0.8026999831199646,0.7259253263473511,689.4758204350001
v4-dc7ea03abd643a01e0276dc4,diagnostic,IID,cart,hidden_noise,none,none,campaign4-2026-08-03-r2,512,mixed_bfloat16,False,persistent,0.2,2025,0.10000000149011612,0.10000000149011612,0.19585542380809784,761.8861964889984
v4-244cc109ca109376e0327d55,diagnostic,IID,cart,hidden_noise,none,none,campaign4-2026-08-03-r2,512,mixed_bfloat16,False,persistent,0.2,2026,0.10000000149011612,0.10000000149011612,0.19697242975234985,774.609457164006
v4-694d968a26efbff2904e1012,diagnostic,IID,cart,hidden_noise,none,none,campaign4-2026-08-03-r2,512,mixed_bfloat16,False,persistent,0.2,2027,0.10000000149011612,0.10000000149011612,0.19460205733776093,745.9415198070001
v4-82015051ba9a9bbbd5e75f68,diagnostic,IID,cart,hidden_noise,none,none,campaign4-2026-08-03-r2,512,mixed_bfloat16,False,persistent,0.2,2028,0.10000000149011612,0.10000000149011612,0.1953677386045456,728.6315100020001
v4-076b793b52edc84fc6d1fabe,diagnostic,IID,cart,hidden_noise,ss,none,campaign4-2026-08-03-r2,512,mixed_bfloat16,False,persistent,0.2,2025,0.8119300007820129,0.8004000186920166,0.7239803671836853,797.8617911100009
v4-859f51831f0ce95e5f1a113c,diagnostic,IID,cart,hidden_noise,ss,none,campaign4-2026-08-03-r2,512,mixed_bfloat16,False,persistent,0.2,2025,0.8101800084114075,0.802299976348877,0.7250666618347168,807.9605678849985
v4-27dfdfacd70f56b05d7283ae,diagnostic,IID,cart,hidden_noise,ss,none,campaign4-2026-08-03-r2,512,mixed_bfloat16,False,persistent,0.2,2026,0.8179000020027161,0.8080000281333923,0.7310578227043152,824.5954806720038
v4-9ac93279dad10725211d9e4e,diagnostic,IID,cart,hidden_noise,ss,none,campaign4-2026-08-03-r2,512,mixed_bfloat16,False,persistent,0.2,2026,0.8084400296211243,0.7838000059127808,0.730174720287323,811.8945904970024
v4-441f8705247f4c272a6ba79e,diagnostic,IID,cart,hidden_noise,ss,none,campaign4-2026-08-03-r2,512,mixed_bfloat16,False,persistent,0.2,2027,0.8088099956512451,0.7986999750137329,0.7190974354743958,771.1545060739991
v4-cff22b8fa5acf8690d3a51f4,diagnostic,IID,cart,hidden_noise,ss,none,campaign4-2026-08-03-r2,512,mixed_bfloat16,False,persistent,0.2,2027,0.8126299977302551,0.8011999726295471,0.7227949500083923,811.1305918349972
v4-c20f2a5d6099ba1ff57ad7b4,diagnostic,IID,cart,hidden_noise,ss,none,campaign4-2026-08-03-r2,512,mixed_bfloat16,False,persistent,0.2,2028,0.8178099989891052,0.8093000054359436,0.7253031134605408,788.3351927189997
v4-d1e9f8d9dba6c3fd48e901f8,diagnostic,IID,cart,hidden_noise,ss,none,campaign4-2026-08-03-r2,512,mixed_bfloat16,False,persistent,0.2,2028,0.8124099969863892,0.7932000160217285,0.7260210514068604,773.8220888160013
v4-6b05da8d9ad438717159cfaf,diagnostic,IID,cart,hidden_noise,none,none,campaign4-2026-08-03-r2,512,mixed_bfloat16,False,persistent,0.4,2025,0.10000000149011612,0.10000000149011612,0.19311808049678802,763.2027528159997
v4-417fced18741135b1a496984,diagnostic,IID,cart,hidden_noise,none,none,campaign4-2026-08-03-r2,512,mixed_bfloat16,False,persistent,0.4,2026,0.10000000149011612,0.10000000149011612,0.1943434327840805,774.9430976509975
v4-9b162373acf5e64677ce3cb0,diagnostic,IID,cart,hidden_noise,none,none,campaign4-2026-08-03-r2,512,mixed_bfloat16,False,persistent,0.4,2027,0.10000000149011612,0.10000000149011612,0.19444581866264343,746.5757068160001
v4-6da97e6292aae0f881402826,diagnostic,IID,cart,hidden_noise,none,none,campaign4-2026-08-03-r2,512,mixed_bfloat16,False,persistent,0.4,2028,0.10000000149011612,0.10000000149011612,0.1924094408750534,725.6996360180001
v4-ce9eebb6bfe71c68bb7afe9e,diagnostic,IID,cart,hidden_noise,ss,none,campaign4-2026-08-03-r2,512,mixed_bfloat16,False,persistent,0.4,2025,0.7241799831390381,0.7102000117301941,0.6827130317687988,815.5181397429988
v4-42e72cceafc5c478ee4fa55b,diagnostic,IID,cart,hidden_noise,ss,none,campaign4-2026-08-03-r2,512,mixed_bfloat16,False,persistent,0.4,2025,0.7623500227928162,0.7526000142097473,0.690530002117157,792.1801071959999
v4-2fcb1c0acf7489f086bdea62,diagnostic,IID,cart,hidden_noise,ss,none,campaign4-2026-08-03-r2,512,mixed_bfloat16,False,persistent,0.4,2026,0.7152299880981445,0.6980000138282776,0.6707055568695068,813.6924326849985
v4-e4c1b62c8f815e7e92bbd1ca,diagnostic,IID,cart,hidden_noise,ss,none,campaign4-2026-08-03-r2,512,mixed_bfloat16,False,persistent,0.4,2026,0.7672399878501892,0.7580000162124634,0.6879021525382996,809.8647498479986
v4-584323fab83b7dd0da5cde25,diagnostic,IID,cart,hidden_noise,ss,none,campaign4-2026-08-03-r2,512,mixed_bfloat16,False,persistent,0.4,2027,0.7111799716949463,0.6995000243186951,0.6732742786407471,813.056606578999
v4-d3488390dfd61e44e95ef7d1,diagnostic,IID,cart,hidden_noise,ss,none,campaign4-2026-08-03-r2,512,mixed_bfloat16,False,persistent,0.4,2027,0.7636299729347229,0.7531999945640564,0.68852698802948,775.7599738159997
v4-1ab5282cdc08302ebf06b97a,diagnostic,IID,cart,hidden_noise,ss,none,campaign4-2026-08-03-r2,512,mixed_bfloat16,False,persistent,0.4,2028,0.7213199734687805,0.7026000022888184,0.678886890411377,796.8035082130009
v4-5511456ff5a52eae981316bb,diagnostic,IID,cart,hidden_noise,ss,none,campaign4-2026-08-03-r2,512,mixed_bfloat16,False,persistent,0.4,2028,0.765250027179718,0.7556999921798706,0.6894093751907349,781.2482765690002
v4-a8a476f65fd3a5d0651a8212,diagnostic,IID,cart,hidden_noise,none,none,campaign4-2026-08-03-r2,512,mixed_bfloat16,False,persistent,0.6,2025,0.10000000149011612,0.10000000149011612,0.1918710470199585,764.5045492970021
v4-6d1c66081ea8097919117e6b,diagnostic,IID,cart,hidden_noise,none,none,campaign4-2026-08-03-r2,512,mixed_bfloat16,False,persistent,0.6,2026,0.10000000149011612,0.10000000149011612,0.18815970420837402,771.6317511839952
v4-7c7265b21cf29e2eb1a56e6b,diagnostic,IID,cart,hidden_noise,none,none,campaign4-2026-08-03-r2,512,mixed_bfloat16,False,persistent,0.6,2027,0.10000000149011612,0.10000000149011612,0.18728753924369812,750.9798777779997
v4-fc9f8d5aabc45bd7b0a7c675,diagnostic,IID,cart,hidden_noise,none,none,campaign4-2026-08-03-r2,512,mixed_bfloat16,False,persistent,0.6,2028,0.10000000149011612,0.10000000149011612,0.18380248546600342,726.2166816360004
v4-c52f6515727550d5f9373e65,diagnostic,IID,cart,hidden_noise,ss,none,campaign4-2026-08-03-r2,512,mixed_bfloat16,False,persistent,0.6,2025,0.6395800113677979,0.6100999712944031,0.6227672696113586,795.2355587700004
v4-2dedc194523b8c4e30f63d1e,diagnostic,IID,cart,hidden_noise,ss,none,campaign4-2026-08-03-r2,512,mixed_bfloat16,False,persistent,0.6,2025,0.09999000281095505,0.09989999979734421,0.4456965923309326,806.400381282001
v4-552bdefc05b6693e86167eaa,diagnostic,IID,cart,hidden_noise,ss,none,campaign4-2026-08-03-r2,512,mixed_bfloat16,False,persistent,0.6,2026,0.6349800229072571,0.5986999869346619,0.6164429783821106,809.7015669769971
v4-6db308b89311cecc1ac011e7,diagnostic,IID,cart,hidden_noise,ss,none,campaign4-2026-08-03-r2,512,mixed_bfloat16,False,persistent,0.6,2026,0.10001999884843826,0.10000000149011612,0.44687819480895996,816.2152353079946
v4-54d90f1c65f057178e249f6e,diagnostic,IID,cart,hidden_noise,ss,none,campaign4-2026-08-03-r2,512,mixed_bfloat16,False,persistent,0.6,2027,0.630810022354126,0.6068000197410583,0.6258624792098999,769.9044924259997
v4-97bac67a3268a795f9497c98,diagnostic,IID,cart,hidden_noise,ss,none,campaign4-2026-08-03-r2,512,mixed_bfloat16,False,persistent,0.6,2027,0.09997999668121338,0.09989999979734421,0.45545488595962524,847.9826854440016
v4-22ff63806d56932f9ceac424,diagnostic,IID,cart,hidden_noise,ss,none,campaign4-2026-08-03-r2,512,mixed_bfloat16,False,persistent,0.6,2028,0.6431900262832642,0.6323999762535095,0.6209139823913574,784.142281501001
v4-be8c26948ac4b78687f2ece2,diagnostic,IID,cart,hidden_noise,ss,none,campaign4-2026-08-03-r2,512,mixed_bfloat16,False,persistent,0.6,2028,0.10000000149011612,0.09989999979734421,0.4553401470184326,799.9096192529978
v4-135b22785e1ffdcd6d6d0cd9,diagnostic,IID,cart,noise,none,none,campaign4-2026-08-03-r2,512,mixed_bfloat16,False,persistent,0.2,2025,0.8309500217437744,0.8267999887466431,0.7393583655357361,749.5228762289989
v4-333b4a763fa382f22eecc3c7,diagnostic,IID,cart,noise,none,none,campaign4-2026-08-03-r2,512,mixed_bfloat16,False,persistent,0.2,2026,0.8335300087928772,0.8258000016212463,0.7414867281913757,765.5731970069974
v4-f3772ecd458c948a75034391,diagnostic,IID,cart,noise,none,none,campaign4-2026-08-03-r2,512,mixed_bfloat16,False,persistent,0.2,2027,0.8338500261306763,0.8282999992370605,0.741330087184906,763.4284848060051
v4-35c03bbd89b931b1e72e5c0f,diagnostic,IID,cart,noise,none,none,campaign4-2026-08-03-r2,512,mixed_bfloat16,False,persistent,0.2,2028,0.8367999792098999,0.8242999911308289,0.7475838661193848,741.3235023940006
v4-ccba53b5464126a1fc01e5d7,diagnostic,IID,cart,noise,none,none,campaign4-2026-08-03-r2,512,mixed_bfloat16,False,persistent,0.4,2025,0.8015099763870239,0.7906000018119812,0.7138451337814331,747.851860423998
v4-1a611bd2bd0ef37e3e51cb00,diagnostic,IID,cart,noise,none,none,campaign4-2026-08-03-r2,512,mixed_bfloat16,False,persistent,0.4,2026,0.8018400073051453,0.7940999865531921,0.7230443954467773,767.0211623639989
v4-b393eccde9feb4ea345d4dea,diagnostic,IID,cart,noise,none,none,campaign4-2026-08-03-r2,512,mixed_bfloat16,False,persistent,0.4,2027,0.795930027961731,0.7878000140190125,0.7143355011940002,763.4261216269952
v4-87e675bf3e414f7f51f0dcfc,diagnostic,IID,cart,noise,none,none,campaign4-2026-08-03-r2,512,mixed_bfloat16,False,persistent,0.4,2028,0.8007400035858154,0.7954999804496765,0.7145231366157532,737.3953016340001
v4-136a6a0d769875ef11ca38cd,diagnostic,IID,cart,noise,none,none,campaign4-2026-08-03-r2,512,mixed_bfloat16,False,persistent,0.6,2025,0.7093200087547302,0.6891999840736389,0.6599595546722412,746.648973798001
v4-f52e012f02735867c668d565,diagnostic,IID,cart,noise,none,none,campaign4-2026-08-03-r2,512,mixed_bfloat16,False,persistent,0.6,2026,0.7076500058174133,0.7035999894142151,0.6527191996574402,764.4447672729948
v4-2b5a28d598ab21f19cba8c32,diagnostic,IID,cart,noise,none,none,campaign4-2026-08-03-r2,512,mixed_bfloat16,False,persistent,0.6,2027,0.7021499872207642,0.6919999718666077,0.6553142666816711,762.3831203160007
v4-5fc8ce68da1ec99c5b41f62d,diagnostic,IID,cart,noise,none,none,campaign4-2026-08-03-r2,512,mixed_bfloat16,False,persistent,0.6,2028,0.7047299742698669,0.6972000002861023,0.6517828702926636,738.1878138399998
v4-498add2352bfebc758aea6a7,diagnostic,IID,merged,clean,none,none,campaign4-2026-08-03-r2,512,mixed_bfloat16,False,persistent,0.0,2025,0.8428400158882141,0.8374999761581421,0.7483670711517334,660.9757330380016
v4-69d238e07038b0475fe9d007,diagnostic,IID,merged,clean,none,none,campaign4-2026-08-03-r2,512,mixed_bfloat16,False,persistent,0.0,2026,0.8430899977684021,0.8302000164985657,0.7481350302696228,650.5603587639926
v4-096f142cff46bf5e33d84475,diagnostic,IID,merged,clean,none,none,campaign4-2026-08-03-r2,512,mixed_bfloat16,False,persistent,0.0,2027,0.8459799885749817,0.8378999829292297,0.7551268935203552,665.933130446
v4-35b924276281bb2b1ab4cb28,diagnostic,IID,merged,clean,none,none,campaign4-2026-08-03-r2,512,mixed_bfloat16,False,persistent,0.0,2028,0.8470100164413452,0.8391000032424927,0.7524976134300232,669.232808062
v4-763760dc82581cc9f447d726,diagnostic,IID,merged,hidden,ss,none,campaign4-2026-08-03-r2,512,mixed_bfloat16,False,persistent,0.0,2025,0.8178499937057495,0.8025000095367432,0.7284015417098999,695.3075036520022
v4-6f2ab9a260ce390870c7f06b,diagnostic,IID,merged,hidden,ss,none,campaign4-2026-08-03-r2,512,mixed_bfloat16,False,persistent,0.0,2026,0.8212199807167053,0.7986999750137329,0.7287102937698364,705.7363642870041
v4-23223a54d87a21282a938c33,diagnostic,IID,merged,hidden,ss,none,campaign4-2026-08-03-r2,512,mixed_bfloat16,False,persistent,0.0,2027,0.8223599791526794,0.8137000203132629,0.7266514897346497,718.3534501390002
v4-884aa3a1a9c464f694097b60,diagnostic,IID,merged,hidden,ss,none,campaign4-2026-08-03-r2,512,mixed_bfloat16,False,persistent,0.0,2028,0.818340003490448,0.8090999722480774,0.7248506546020508,709.9970306969999
v4-f86377754b95d119fd4928ba,diagnostic,IID,merged,hidden_noise,none,none,campaign4-2026-08-03-r2,512,mixed_bfloat16,False,persistent,0.2,2025,0.10000000149011612,0.10000000149011612,0.1996985226869583,739.0531088339922
v4-7aa2fd679e3543f9ca5a41fc,diagnostic,IID,merged,hidden_noise,none,none,campaign4-2026-08-03-r2,512,mixed_bfloat16,False,persistent,0.2,2026,0.10000000149011612,0.10000000149011612,0.19507752358913422,2279.08330383501
v4-8a3b32a98bec81ce330326a2,diagnostic,IID,merged,hidden_noise,none,none,campaign4-2026-08-03-r2,512,mixed_bfloat16,False,persistent,0.2,2027,0.10000000149011612,0.10000000149011612,0.19709891080856323,755.1583715160004
v4-d23a035e6d579a0138296456,diagnostic,IID,merged,hidden_noise,none,none,campaign4-2026-08-03-r2,512,mixed_bfloat16,False,persistent,0.2,2028,0.10000000149011612,0.10000000149011612,0.19604776799678802,760.7884846729994
v4-aa4a56e0280a932ab66f9a56,diagnostic,IID,merged,hidden_noise,ss,none,campaign4-2026-08-03-r2,512,mixed_bfloat16,False,persistent,0.2,2025,0.8122699856758118,0.8019999861717224,0.7252641320228577,781.8129750509979
v4-f759fa575bf51d2aadbfdc6f,diagnostic,IID,merged,hidden_noise,ss,none,campaign4-2026-08-03-r2,512,mixed_bfloat16,False,persistent,0.2,2025,0.8100200295448303,0.8014000058174133,0.723581850528717,784.197165731006
v4-8d4d5484fc96e28b7269f576,diagnostic,IID,merged,hidden_noise,ss,none,campaign4-2026-08-03-r2,512,mixed_bfloat16,False,persistent,0.2,2026,0.8069999814033508,0.7839999794960022,0.7226281762123108,820.7722110830073
v4-2eef42bf86563b58527259e7,diagnostic,IID,merged,hidden_noise,ss,none,campaign4-2026-08-03-r2,512,mixed_bfloat16,False,persistent,0.2,2026,0.813510000705719,0.7990000247955322,0.7243208289146423,796.1545985680004
v4-d3d181bf233f405835631e71,diagnostic,IID,merged,hidden_noise,ss,none,campaign4-2026-08-03-r2,512,mixed_bfloat16,False,persistent,0.2,2027,0.8113300204277039,0.804099977016449,0.7206377983093262,784.307338483999
v4-98433b82e1ca3e3ed6e6d398,diagnostic,IID,merged,hidden_noise,ss,none,campaign4-2026-08-03-r2,512,mixed_bfloat16,False,persistent,0.2,2027,0.8060399889945984,0.7985000014305115,0.7142490148544312,789.8704232050004
v4-d1e8c32ca34eac6bcc02b5c1,diagnostic,IID,merged,hidden_noise,ss,none,campaign4-2026-08-03-r2,512,mixed_bfloat16,False,persistent,0.2,2028,0.8137000203132629,0.8052999973297119,0.7156556844711304,783.3530749380006
v4-7bd8b70f08fe48ce5326814b,diagnostic,IID,merged,hidden_noise,ss,none,campaign4-2026-08-03-r2,512,mixed_bfloat16,False,persistent,0.2,2028,0.8128100037574768,0.8054999709129333,0.7211829423904419,780.6545187909978
v4-da24bd681e78b85e18c7de98,diagnostic,IID,merged,hidden_noise,none,none,campaign4-2026-08-03-r2,512,mixed_bfloat16,False,persistent,0.4,2025,0.10000000149011612,0.10000000149011612,0.19694145023822784,745.622194437994
v4-e4516ef9de64651cb97f9285,diagnostic,IID,merged,hidden_noise,none,none,campaign4-2026-08-03-r2,512,mixed_bfloat16,False,persistent,0.4,2026,0.10000000149011612,0.10000000149011612,0.19425798952579498,2514.9438793660083
v4-d54c9d1397891a924dba3352,diagnostic,IID,merged,hidden_noise,none,none,campaign4-2026-08-03-r2,512,mixed_bfloat16,False,persistent,0.4,2027,0.10000000149011612,0.10000000149011612,0.19512251019477844,757.8825954109998
v4-510ada63109ba63219edf814,diagnostic,IID,merged,hidden_noise,none,none,campaign4-2026-08-03-r2,512,mixed_bfloat16,False,persistent,0.4,2028,0.10000000149011612,0.10000000149011612,0.1915348768234253,756.901692301999
v4-ca8b9c046d42b15f639203c1,diagnostic,IID,merged,hidden_noise,ss,none,campaign4-2026-08-03-r2,512,mixed_bfloat16,False,persistent,0.4,2025,0.7201799750328064,0.7067000269889832,0.6863516569137573,784.0165955500124
v4-d82720ca9cf08508dfec8904,diagnostic,IID,merged,hidden_noise,ss,none,campaign4-2026-08-03-r2,512,mixed_bfloat16,False,persistent,0.4,2025,0.7642300128936768,0.7484999895095825,0.6946369409561157,780.7104207759985
v4-33f6097f2eb9e58a507fc0a9,diagnostic,IID,merged,hidden_noise,ss,none,campaign4-2026-08-03-r2,512,mixed_bfloat16,False,persistent,0.4,2026,0.7605699896812439,0.7342000007629395,0.6868000030517578,807.8284046059998
v4-09d8a059107ebf8848c71bdd,diagnostic,IID,merged,hidden_noise,ss,none,campaign4-2026-08-03-r2,512,mixed_bfloat16,False,persistent,0.4,2026,0.7174000144004822,0.6829000115394592,0.678828239440918,800.9961892189986
v4-d8a672c9f97e557e66a911e0,diagnostic,IID,merged,hidden_noise,ss,none,campaign4-2026-08-03-r2,512,mixed_bfloat16,False,persistent,0.4,2027,0.7248299717903137,0.7059999704360962,0.6897648572921753,786.8720071509997
v4-4f9c2b94a5186018a47942ad,diagnostic,IID,merged,hidden_noise,ss,none,campaign4-2026-08-03-r2,512,mixed_bfloat16,False,persistent,0.4,2027,0.764739990234375,0.7505000233650208,0.6905156970024109,797.8878555579995
v4-3be772ea5d9dd94ceab9d29d,diagnostic,IID,merged,hidden_noise,ss,none,campaign4-2026-08-03-r2,512,mixed_bfloat16,False,persistent,0.4,2028,0.7636399865150452,0.7585999965667725,0.6876967549324036,784.6214501049981
v4-2a8dddf3a24d2d6657e3005d,diagnostic,IID,merged,hidden_noise,ss,none,campaign4-2026-08-03-r2,512,mixed_bfloat16,False,persistent,0.4,2028,0.721809983253479,0.7105000019073486,0.6787180304527283,773.2606149759995
v4-d607ef6147227432b0aa8060,diagnostic,IID,merged,hidden_noise,none,none,campaign4-2026-08-03-r2,512,mixed_bfloat16,False,persistent,0.6,2025,0.10000000149011612,0.10000000149011612,0.18735872209072113,738.1874433790072
v4-cc8fb98b3640b789117d3744,diagnostic,IID,merged,hidden_noise,none,none,campaign4-2026-08-03-r2,512,mixed_bfloat16,False,persistent,0.6,2026,0.10000000149011612,0.10000000149011612,0.1865788847208023,2512.449946924011
v4-b4e0a4f3ccdd5daf6248d8ee,diagnostic,IID,merged,hidden_noise,none,none,campaign4-2026-08-03-r2,512,mixed_bfloat16,False,persistent,0.6,2027,0.10000000149011612,0.10000000149011612,0.1879647970199585,754.2338699279999
v4-ba9b59bef3796dd7bb62ec64,diagnostic,IID,merged,hidden_noise,none,none,campaign4-2026-08-03-r2,512,mixed_bfloat16,False,persistent,0.6,2028,0.10000000149011612,0.10000000149011612,0.1855531930923462,754.5094997879987
v4-579cf3830afc64481fe01da1,diagnostic,IID,merged,hidden_noise,ss,none,campaign4-2026-08-03-r2,512,mixed_bfloat16,False,persistent,0.6,2025,0.6342300176620483,0.6128000020980835,0.6110872626304626,781.2451566500094
v4-305f7c81b47a65bd8c772da2,diagnostic,IID,merged,hidden_noise,ss,none,campaign4-2026-08-03-r2,512,mixed_bfloat16,False,persistent,0.6,2025,0.100040003657341,0.10000000149011612,0.4566059410572052,782.604537502004
v4-f9e65577e658de4566798276,diagnostic,IID,merged,hidden_noise,ss,none,campaign4-2026-08-03-r2,512,mixed_bfloat16,False,persistent,0.6,2026,0.09997999668121338,0.0997999981045723,0.4526221454143524,795.8399392600004
v4-815b5354592ceb7984ec3ce5,diagnostic,IID,merged,hidden_noise,ss,none,campaign4-2026-08-03-r2,512,mixed_bfloat16,False,persistent,0.6,2026,0.6360999941825867,0.6162999868392944,0.6224098205566406,987.618655178012
v4-ae4c55031a1ab746294fde46,diagnostic,IID,merged,hidden_noise,ss,none,campaign4-2026-08-03-r2,512,mixed_bfloat16,False,persistent,0.6,2027,0.6182399988174438,0.5835999846458435,0.6193687319755554,781.7193322989988
v4-0195b3853460a704765f99ad,diagnostic,IID,merged,hidden_noise,ss,none,campaign4-2026-08-03-r2,512,mixed_bfloat16,False,persistent,0.6,2027,0.10001999884843826,0.09989999979734421,0.44562360644340515,785.0452652079985
v4-434cf874180f6964bb511a34,diagnostic,IID,merged,hidden_noise,ss,none,campaign4-2026-08-03-r2,512,mixed_bfloat16,False,persistent,0.6,2028,0.6383600234985352,0.6043000221252441,0.6130622625350952,793.592897423001
v4-bf87755b32ae87f0499a9318,diagnostic,IID,merged,hidden_noise,ss,none,campaign4-2026-08-03-r2,512,mixed_bfloat16,False,persistent,0.6,2028,0.09999000281095505,0.09989999979734421,0.448475182056427,778.5655187520024
v4-6ca2337509d7d3e9c3850436,diagnostic,IID,merged,noise,none,none,campaign4-2026-08-03-r2,512,mixed_bfloat16,False,persistent,0.2,2025,0.8360999822616577,0.8292999863624573,0.7492333650588989,724.217057464004
v4-56941640418a856dbafbe42c,diagnostic,IID,merged,noise,none,none,campaign4-2026-08-03-r2,512,mixed_bfloat16,False,persistent,0.2,2026,0.8334100246429443,0.8292999863624573,0.7408972978591919,819.8297694259963
v4-90ed8250b8e662a1c26a38b9,diagnostic,IID,merged,noise,none,none,campaign4-2026-08-03-r2,512,mixed_bfloat16,False,persistent,0.2,2027,0.8404099941253662,0.8356999754905701,0.7448861598968506,750.0552947759998
v4-187aea73a93e160b47e3f71e,diagnostic,IID,merged,noise,none,none,campaign4-2026-08-03-r2,512,mixed_bfloat16,False,persistent,0.2,2028,0.8322299718856812,0.8237000107765198,0.7424021363258362,751.6002514869997
v4-1f61002fe95805490d2e4c43,diagnostic,IID,merged,noise,none,none,campaign4-2026-08-03-r2,512,mixed_bfloat16,False,persistent,0.4,2025,0.802370011806488,0.7950999736785889,0.7223636507987976,732.3708457949979
v4-07705ba5ef969bec8c3fbdfb,diagnostic,IID,merged,noise,none,none,campaign4-2026-08-03-r2,512,mixed_bfloat16,False,persistent,0.4,2026,0.8032600283622742,0.7975999712944031,0.7182632088661194,776.6799162919924
v4-2e3caa863db74c092979d8a3,diagnostic,IID,merged,noise,none,none,campaign4-2026-08-03-r2,512,mixed_bfloat16,False,persistent,0.4,2027,0.8022099733352661,0.7973999977111816,0.7179104089736938,746.5548139580001
v4-eac2bc210044ba63afd83e10,diagnostic,IID,merged,noise,none,none,campaign4-2026-08-03-r2,512,mixed_bfloat16,False,persistent,0.4,2028,0.7963899970054626,0.7822999954223633,0.7115640640258789,747.4304317389997
v4-d29f9134e2cee0dee733b9cd,diagnostic,IID,merged,noise,none,none,campaign4-2026-08-03-r2,512,mixed_bfloat16,False,persistent,0.6,2025,0.7020099759101868,0.6830999851226807,0.6552637219429016,733.370318353991
v4-1131223847390a9cbdc0d661,diagnostic,IID,merged,noise,none,none,campaign4-2026-08-03-r2,512,mixed_bfloat16,False,persistent,0.6,2026,0.7094600200653076,0.6875,0.6540871262550354,747.5267033990094
v4-7e0a3726e7a44e8e00a8e893,diagnostic,IID,merged,noise,none,none,campaign4-2026-08-03-r2,512,mixed_bfloat16,False,persistent,0.6,2027,0.7067000269889832,0.678600013256073,0.6561148166656494,745.0399221179996
v4-c50a651a167908ecf902aaf1,diagnostic,IID,merged,noise,none,none,campaign4-2026-08-03-r2,512,mixed_bfloat16,False,persistent,0.6,2028,0.7005400061607361,0.6761999726295471,0.6511507034301758,749.4203054239988
