round,full_test_accuracy,mean_node_accuracy,worst_node_accuracy,full_test_loss,class_0_accuracy,class_1_accuracy,class_2_accuracy,class_3_accuracy,class_4_accuracy,class_5_accuracy,class_6_accuracy,class_7_accuracy,class_8_accuracy,class_9_accuracy,mean_local_ce,honest_selection_rate,byzantine_selection_rate,attacked_source_selection_rate,mean_snapshot_age,ebm_penalty,ordinary_gradient_norm,ebm_correction_norm,ebm_correction_ratio,channel_noise_norm,noise_to_model_norm_ratio
0,0.14000000059604645,0.1171099916100502,0.09839999675750732,2.2885935821533203,0.32499998807907104,0.31299999356269836,0.05999999865889549,0.0010000000474974513,0.004000000189989805,0.003000000026077032,0.0,0.0,0.0,0.6940000057220459,2.2984838609924316,0.6,0.4,0.0,0.0,0.0,0.06051518637314439,0.0,0.0,0.0,0.0
1,0.20739999413490295,0.1780799925327301,0.13449999690055847,2.1315905708312988,0.21299999952316284,0.14800000190734863,0.00800000037997961,0.0,0.0010000000474974513,0.37400001287460327,0.8220000267028809,0.17000000178813934,0.16099999845027924,0.1770000010728836,2.211152275924683,0.6,0.4,0.0,0.1,0.0,0.5641671421676874,0.0,0.0,0.0,0.0
2,0.23690000176429749,0.21874001622200012,0.18140000104904175,2.0480896842956544,0.39899998903274536,0.13199999928474426,0.04100000113248825,0.0,0.003000000026077032,0.28600001335144043,0.5720000267028809,0.1860000044107437,0.515999972820282,0.23399999737739563,2.1149550456924437,0.7,0.3,0.0,0.3,0.0,1.5587125693261623,0.0,0.0,0.0,0.0
3,0.25850000977516174,0.24027001857757568,0.2046000063419342,1.9963893972396851,0.10899999737739563,0.1589999943971634,0.023000000044703484,0.003000000026077032,0.0010000000474974513,0.4440000057220459,0.7509999871253967,0.375,0.4779999852180481,0.24199999868869781,2.03807980242157,0.4,0.6,0.0,0.2,0.0,1.4539884053468703,0.0,0.0,0.0,0.0
4,0.2881999909877777,0.27354997396469116,0.24809999763965607,1.9200821414947509,0.39500001072883606,0.4399999976158142,0.06400000303983688,0.023000000044703484,0.019999999552965164,0.33399999141693115,0.550000011920929,0.3720000088214874,0.3370000123977661,0.34700000286102295,1.9845949429473877,0.2,0.8,0.0,0.1,0.0,1.4485215975642205,0.0,0.0,0.0,0.0
5,0.30469998717308044,0.2929399907588959,0.27630001306533813,1.881210120010376,0.24500000476837158,0.3019999861717224,0.0560000017285347,0.07900000363588333,0.026000000536441803,0.47099998593330383,0.7020000219345093,0.4099999964237213,0.4000000059604645,0.35600000619888306,1.9188294867553708,0.6,0.4,0.0,0.1,0.0,1.4447181851863862,0.0,0.0,0.0,0.0
6,0.323199987411499,0.3088499903678894,0.2856000065803528,1.8097802644729615,0.30300000309944153,0.453000009059906,0.10999999940395355,0.04399999976158142,0.13600000739097595,0.46299999952316284,0.593999981880188,0.2680000066757202,0.5490000247955322,0.31200000643730164,1.8742811280555725,0.7,0.3,0.0,0.2,0.0,1.5338372552990913,0.0,0.0,0.0,0.0
7,0.3472000062465668,0.3270600140094757,0.3147999942302704,1.7639099878311157,0.28700000047683716,0.49900001287460327,0.11800000071525574,0.061000000685453415,0.125,0.4790000021457672,0.6610000133514404,0.3490000069141388,0.5059999823570251,0.3869999945163727,1.8354172277450562,0.9,0.1,0.0,0.5,0.0,1.5907801246643067,0.0,0.0,0.0,0.0
8,0.3181000053882599,0.34070998430252075,0.3181000053882599,1.8658095918655395,0.37400001287460327,0.7620000243186951,0.09300000220537186,0.04800000041723251,0.19900000095367432,0.3109999895095825,0.4259999990463257,0.1860000044107437,0.49300000071525574,0.289000004529953,1.7911288470878604,0.4,0.6,0.0,0.2,0.0,1.5942799107432366,0.0,0.0,0.0,0.0
9,0.3736000061035156,0.36051997542381287,0.3407000005245209,1.6897459352493287,0.375,0.6069999933242798,0.15199999511241913,0.0820000022649765,0.09099999815225601,0.43799999356269836,0.6240000128746033,0.4620000123977661,0.40299999713897705,0.5019999742507935,1.75443541191864,0.3,0.7,0.0,0.1,0.0,1.59602266228199,0.0,0.0,0.0,0.0
10,0.3961000144481659,0.38371002674102783,0.36579999327659607,1.6359257261276245,0.48899999260902405,0.5830000042915344,0.22100000083446503,0.08699999749660492,0.1379999965429306,0.4259999990463257,0.6520000100135803,0.47699999809265137,0.4169999957084656,0.47099998593330383,1.7061150299186707,0.7,0.3,0.0,0.1,0.0,1.6940857191085816,0.0,0.0,0.0,0.0
11,0.40939998626708984,0.38923999667167664,0.3555000126361847,1.6208047103881835,0.44600000977516174,0.6299999952316284,0.2329999953508377,0.13300000131130219,0.1589999943971634,0.5600000023841858,0.5929999947547913,0.35899999737739563,0.5329999923706055,0.4480000138282776,1.6852731267433168,0.8,0.2,0.0,0.4,0.0,1.750431940317154,0.0,0.0,0.0,0.0
12,0.4108000099658966,0.40108004212379456,0.3774000108242035,1.6222779369354248,0.5509999990463257,0.5400000214576721,0.3230000138282776,0.11900000274181366,0.24199999868869781,0.6000000238418579,0.4959999918937683,0.38999998569488525,0.4830000102519989,0.36399999260902405,1.6630446634368898,1.0,0.0,0.0,0.4,0.0,1.7539592499136925,0.0,0.0,0.0,0.0
13,0.4142000079154968,0.40362000465393066,0.36230000853538513,1.5878049898147584,0.5009999871253967,0.6690000295639038,0.26499998569488525,0.04699999839067459,0.2409999966621399,0.3400000035762787,0.703000009059906,0.47600001096725464,0.5019999742507935,0.39800000190734863,1.6406035128326415,0.9,0.1,0.0,0.3,0.0,1.867379369020462,0.0,0.0,0.0,0.0
14,0.439300000667572,0.42340001463890076,0.40470001101493835,1.5417106391906739,0.44600000977516174,0.5619999766349792,0.29100000858306885,0.1770000010728836,0.26899999380111694,0.4959999918937683,0.6200000047683716,0.47699999809265137,0.6100000143051147,0.4449999928474426,1.6140360903320314,0.7,0.3,0.0,0.2,0.0,1.9131184467077256,0.0,0.0,0.0,0.0
15,0.43849998712539673,0.42632001638412476,0.4000999927520752,1.5470765537261963,0.42500001192092896,0.6269999742507935,0.25099998712539673,0.21299999952316284,0.20600000023841858,0.3880000114440918,0.7149999737739563,0.41200000047683716,0.6790000200271606,0.4690000116825104,1.5900551850471496,0.9,0.1,0.0,0.5,0.0,1.9475065591335297,0.0,0.0,0.0,0.0
16,0.44690001010894775,0.4394400119781494,0.42309999465942383,1.5411055921554566,0.5400000214576721,0.625,0.3050000071525574,0.1889999955892563,0.1889999955892563,0.4790000021457672,0.5270000100135803,0.4819999933242798,0.5419999957084656,0.5910000205039978,1.575085459465027,0.4,0.6,0.0,0.2,0.0,1.9761420187950134,0.0,0.0,0.0,0.0
17,0.45730000734329224,0.44343000650405884,0.42239999771118164,1.501274639892578,0.6129999756813049,0.6880000233650208,0.3529999852180481,0.15700000524520874,0.257999986410141,0.4869999885559082,0.5379999876022339,0.597000002861023,0.4429999887943268,0.4390000104904175,1.5573342186660766,0.6,0.4,0.0,0.5,0.0,1.9326201534271241,0.0,0.0,0.0,0.0
18,0.46939998865127563,0.4615499973297119,0.43309998512268066,1.4681548015594483,0.42899999022483826,0.5889999866485596,0.3019999861717224,0.2199999988079071,0.2879999876022339,0.4620000123977661,0.6909999847412109,0.5199999809265137,0.6880000233650208,0.5049999952316284,1.5295774015655517,0.6,0.4,0.0,0.2,0.0,1.9313720800876617,0.0,0.0,0.0,0.0
19,0.4408999979496002,0.46212998032569885,0.43140000104904175,1.5415678539276123,0.289000004529953,0.7480000257492065,0.13300000131130219,0.2070000022649765,0.12999999523162842,0.5080000162124634,0.7519999742507935,0.5210000276565552,0.5180000066757202,0.6029999852180481,1.5193519279899599,0.7,0.3,0.0,0.3,0.0,2.0190819174051287,0.0,0.0,0.0,0.0
20,0.47530001401901245,0.4665599763393402,0.45260000228881836,1.4589103256225586,0.4869999885559082,0.628000020980835,0.3149999976158142,0.32600000500679016,0.2199999988079071,0.503000020980835,0.6240000128746033,0.46399998664855957,0.6539999842643738,0.5320000052452087,1.5061873685188294,1.0,0.0,0.0,0.4,0.0,2.0365871024131774,0.0,0.0,0.0,0.0
21,0.47620001435279846,0.4710500240325928,0.44200000166893005,1.4701247453689574,0.5270000100135803,0.48899999260902405,0.40799999237060547,0.3240000009536743,0.2370000034570694,0.5,0.6169999837875366,0.4099999964237213,0.6859999895095825,0.5640000104904175,1.4936962189712526,1.0,0.0,0.0,0.3,0.0,1.9697287449836731,0.0,0.0,0.0,0.0
22,0.4900999963283539,0.481689989566803,0.4706999957561493,1.4304015142440796,0.5709999799728394,0.6660000085830688,0.37599998712539673,0.23999999463558197,0.28700000047683716,0.4490000009536743,0.6240000128746033,0.597000002861023,0.5400000214576721,0.5509999990463257,1.485294974040985,1.0,0.0,0.0,0.3,0.0,2.0666350135803224,0.0,0.0,0.0,0.0
23,0.5005000233650208,0.4845700263977051,0.448199987411499,1.4169058488845825,0.531000018119812,0.6039999723434448,0.33399999141693115,0.23499999940395355,0.3880000114440918,0.46399998664855957,0.6899999976158142,0.6269999742507935,0.6489999890327454,0.4830000102519989,1.4745069964065551,1.0,0.0,0.0,0.3,0.0,2.056189699649811,0.0,0.0,0.0,0.0
24,0.4869999885559082,0.48833003640174866,0.4733999967575073,1.425485615158081,0.41200000047683716,0.6129999756813049,0.3160000145435333,0.3499999940395355,0.24500000476837158,0.45899999141693115,0.7559999823570251,0.42899999022483826,0.7559999823570251,0.5339999794960022,1.4672173208312989,1.0,0.0,0.0,0.4,0.0,2.099763227701187,0.0,0.0,0.0,0.0
25,0.48570001125335693,0.48723000288009644,0.46399998664855957,1.4241532415390015,0.4869999885559082,0.6320000290870667,0.3230000138282776,0.2709999978542328,0.2720000147819519,0.40400001406669617,0.8420000076293945,0.46299999952316284,0.6919999718666077,0.47099998593330383,1.4559753529319763,1.0,0.0,0.0,0.3,0.0,1.9853090690374375,0.0,0.0,0.0,0.0
26,0.4625999927520752,0.4893600344657898,0.459199994802475,1.4811961542129517,0.7459999918937683,0.5350000262260437,0.4909999966621399,0.1340000033378601,0.3479999899864197,0.5049999952316284,0.3529999852180481,0.6690000295639038,0.36899998784065247,0.47600001096725464,1.4504609138450621,1.0,0.0,0.0,0.3,0.0,2.0626192725896835,0.0,0.0,0.0,0.0
27,0.4927999973297119,0.5006300210952759,0.4869999885559082,1.424223786354065,0.6710000038146973,0.5559999942779541,0.492000013589859,0.257999986410141,0.3310000002384186,0.4059999883174896,0.7229999899864197,0.4860000014305115,0.5680000185966492,0.43700000643730164,1.4463767222442627,1.0,0.0,0.0,0.4,0.0,2.1848648153543473,0.0,0.0,0.0,0.0
28,0.5056999921798706,0.4993000030517578,0.48489999771118164,1.3992809799194337,0.6129999756813049,0.6790000200271606,0.3869999945163727,0.18000000715255737,0.38499999046325684,0.45100000500679016,0.5910000205039978,0.6340000033378601,0.5460000038146973,0.5910000205039978,1.434336047153473,1.0,0.0,0.0,0.4,0.0,1.9840551040172576,0.0,0.0,0.0,0.0
29,0.5117999911308289,0.5067499876022339,0.4966000020503998,1.3823525800704957,0.5830000042915344,0.6190000176429749,0.38199999928474426,0.27300000190734863,0.36399999260902405,0.5450000166893005,0.6079999804496765,0.5740000009536743,0.5910000205039978,0.5789999961853027,1.4316636688346862,1.0,0.0,0.0,0.3,0.0,2.019149738430977,0.0,0.0,0.0,0.0
30,0.5131999850273132,0.50409996509552,0.48730000853538513,1.3753694372177123,0.5849999785423279,0.6660000085830688,0.4259999990463257,0.3310000002384186,0.3310000002384186,0.4269999861717224,0.7519999742507935,0.4970000088214874,0.6330000162124634,0.48399999737739563,1.4252064131278994,1.0,0.0,0.0,0.5,0.0,1.9750139764547348,0.0,0.0,0.0,0.0
31,0.5152000188827515,0.5090600252151489,0.49140000343322754,1.3706465026855468,0.44999998807907104,0.5540000200271606,0.36399999260902405,0.2919999957084656,0.37299999594688416,0.49000000953674316,0.765999972820282,0.5630000233650208,0.6660000085830688,0.6340000033378601,1.4191039580383302,1.0,0.0,0.0,0.4,0.0,2.0293285208940506,0.0,0.0,0.0,0.0
32,0.5203999876976013,0.5127600431442261,0.4975999891757965,1.361594807434082,0.4880000054836273,0.6029999852180481,0.39500001072883606,0.2590000033378601,0.4129999876022339,0.4729999899864197,0.7559999823570251,0.5649999976158142,0.656000018119812,0.5960000157356262,1.416938316822052,1.0,0.0,0.0,0.5,0.0,2.105795669436455,0.0,0.0,0.0,0.0
33,0.513700008392334,0.5126499533653259,0.5016999840736389,1.3632165319442748,0.5090000033378601,0.6520000100135803,0.3440000116825104,0.289000004529953,0.3569999933242798,0.421999990940094,0.8220000267028809,0.5339999794960022,0.6549999713897705,0.5529999732971191,1.4092716193428036,1.0,0.0,0.0,0.5,0.0,2.016546194553375,0.0,0.0,0.0,0.0
34,0.5238000154495239,0.5121899843215942,0.49630001187324524,1.3488785186767578,0.5550000071525574,0.6690000295639038,0.375,0.31200000643730164,0.3700000047683716,0.453000009059906,0.7770000100135803,0.5770000219345093,0.621999979019165,0.527999997138977,1.4049054424705505,1.0,0.0,0.0,0.3,0.0,2.0481059778928756,0.0,0.0,0.0,0.0
35,0.519599974155426,0.5161100029945374,0.5055999755859375,1.36622934589386,0.6890000104904175,0.6489999890327454,0.4269999861717224,0.2409999966621399,0.4779999852180481,0.36800000071525574,0.7020000219345093,0.6010000109672546,0.5730000138282776,0.46799999475479126,1.3976863830032347,1.0,0.0,0.0,0.3,0.0,1.9639810605049133,0.0,0.0,0.0,0.0
36,0.5235999822616577,0.5180500149726868,0.5062000155448914,1.3477843795776367,0.5410000085830688,0.6520000100135803,0.33799999952316284,0.3409999907016754,0.36000001430511475,0.44699999690055847,0.8190000057220459,0.5460000038146973,0.6380000114440918,0.5540000200271606,1.3928598507614136,1.0,0.0,0.0,0.3,0.0,2.039976967930794,0.0,0.0,0.0,0.0
37,0.52920001745224,0.5219900012016296,0.5083000063896179,1.341037363433838,0.5709999799728394,0.6380000114440918,0.41200000047683716,0.29600000381469727,0.46299999952316284,0.4300000071525574,0.7400000095367432,0.5619999766349792,0.6809999942779541,0.49900001287460327,1.3917064176025389,1.0,0.0,0.0,0.4,0.0,2.0958435941934583,0.0,0.0,0.0,0.0
38,0.5281999707221985,0.5267800092697144,0.5180000066757202,1.349400384902954,0.6570000052452087,0.7020000219345093,0.44200000166893005,0.22200000286102295,0.4519999921321869,0.4580000042915344,0.6010000109672546,0.6159999966621399,0.6150000095367432,0.5170000195503235,1.3838319417839051,1.0,0.0,0.0,0.4,0.0,2.1403502593040464,0.0,0.0,0.0,0.0
39,0.5221999883651733,0.5277400612831116,0.5188000202178955,1.3477943824768066,0.5849999785423279,0.6679999828338623,0.46799999475479126,0.3070000112056732,0.4000000059604645,0.41600000858306885,0.7620000243186951,0.5070000290870667,0.6809999942779541,0.42800000309944153,1.3800983147125243,1.0,0.0,0.0,0.3,0.0,2.075119963645935,0.0,0.0,0.0,0.0
40,0.5289999842643738,0.524649977684021,0.5020999908447266,1.3398344192504883,0.5370000004768372,0.5929999947547913,0.44200000166893005,0.28600001335144043,0.4390000104904175,0.46399998664855957,0.6819999814033508,0.5139999985694885,0.7429999709129333,0.5899999737739563,1.3772720153961182,1.0,0.0,0.0,0.4,0.0,2.101210128068924,0.0,0.0,0.0,0.0
41,0.5296000242233276,0.532230019569397,0.5199999809265137,1.3370553150177003,0.5870000123977661,0.6420000195503235,0.41100001335144043,0.20499999821186066,0.5289999842643738,0.4740000069141388,0.5860000252723694,0.6890000104904175,0.6069999933242798,0.5659999847412109,1.370836568447113,1.0,0.0,0.0,0.3,0.0,2.1067754057645796,0.0,0.0,0.0,0.0
42,0.5321000218391418,0.5273200273513794,0.517300009727478,1.340357244873047,0.6579999923706055,0.6700000166893005,0.48100000619888306,0.24500000476837158,0.49000000953674316,0.42800000309944153,0.5799999833106995,0.5669999718666077,0.6359999775886536,0.5659999847412109,1.3703775267562865,1.0,0.0,0.0,0.4,0.0,2.1730960458517075,0.0,0.0,0.0,0.0
43,0.5419999957084656,0.5316499471664429,0.51419997215271,1.3099663619995117,0.5960000157356262,0.6830000281333923,0.42899999022483826,0.2720000147819519,0.4860000014305115,0.44999998807907104,0.7289999723434448,0.574999988079071,0.6489999890327454,0.5509999990463257,1.3632007611236574,1.0,0.0,0.0,0.4,0.0,2.088223506808281,0.0,0.0,0.0,0.0
44,0.5386999845504761,0.5373200178146362,0.5253999829292297,1.3078463098526,0.5669999718666077,0.6740000247955322,0.42399999499320984,0.28200000524520874,0.42100000381469727,0.4320000112056732,0.7850000262260437,0.5669999718666077,0.6449999809265137,0.5899999737739563,1.3596523281631467,1.0,0.0,0.0,0.3,0.0,2.060421292424202,0.0,0.0,0.0,0.0
45,0.5289000272750854,0.5302300453186035,0.5151000022888184,1.3419970497131348,0.5910000205039978,0.6029999852180481,0.4169999957084656,0.31299999356269836,0.5440000295639038,0.4950000047683716,0.6430000066757202,0.6460000276565552,0.6010000109672546,0.4359999895095825,1.3560064435997008,1.0,0.0,0.0,0.4,0.0,2.109424831151962,0.0,0.0,0.0,0.0
46,0.5248000025749207,0.5355299711227417,0.5248000025749207,1.3318987501144408,0.44999998807907104,0.7120000123977661,0.32899999618530273,0.3569999933242798,0.32199999690055847,0.460999995470047,0.8410000205039978,0.5019999742507935,0.7039999961853027,0.5699999928474426,1.3548030582695005,1.0,0.0,0.0,0.4,0.0,2.2429100300073626,0.0,0.0,0.0,0.0
47,0.5439000129699707,0.5378199815750122,0.5257999897003174,1.2985283407211303,0.5860000252723694,0.6510000228881836,0.4320000112056732,0.335999995470047,0.492000013589859,0.47600001096725464,0.6579999923706055,0.5759999752044678,0.6629999876022339,0.5690000057220459,1.3500997223358155,1.0,0.0,0.0,0.4,0.0,2.0576157138347626,0.0,0.0,0.0,0.0
48,0.5461000204086304,0.5400399565696716,0.5292999744415283,1.294702324295044,0.5580000281333923,0.6600000262260437,0.4390000104904175,0.3179999887943268,0.4390000104904175,0.5320000052452087,0.7020000219345093,0.5709999799728394,0.6629999876022339,0.5789999961853027,1.3473627182769776,1.0,0.0,0.0,0.5,0.0,2.115086812376976,0.0,0.0,0.0,0.0
49,0.5400000214576721,0.5400000214576721,0.5325000286102295,1.3089119173049926,0.6430000066757202,0.6309999823570251,0.5040000081062317,0.30300000309944153,0.45399999618530273,0.5139999985694885,0.656000018119812,0.5820000171661377,0.5899999737739563,0.5230000019073486,1.341748894592285,1.0,0.0,0.0,0.5,0.0,2.03408378636837,0.0,0.0,0.0,0.0
50,0.5422999858856201,0.5393099784851074,0.5296000242233276,1.2986909244537355,0.5600000023841858,0.7239999771118164,0.3970000147819519,0.35600000619888306,0.42899999022483826,0.39800000190734863,0.7799999713897705,0.5249999761581421,0.7049999833106995,0.5490000247955322,1.3385501457977294,1.0,0.0,0.0,0.4,0.0,2.0967757340669633,0.0,0.0,0.0,0.0
51,0.5432000160217285,0.540910005569458,0.5339000225067139,1.3029427721023559,0.5870000123977661,0.7049999833106995,0.45899999141693115,0.2930000126361847,0.46000000834465027,0.4000000059604645,0.7609999775886536,0.5199999809265137,0.703000009059906,0.5440000295639038,1.3379579774475099,1.0,0.0,0.0,0.5,0.0,2.1136313290596007,0.0,0.0,0.0,0.0
52,0.5526999831199646,0.5452699661254883,0.5335000157356262,1.2799409635543824,0.5580000281333923,0.6800000071525574,0.42399999499320984,0.35600000619888306,0.4399999976158142,0.5040000081062317,0.6959999799728394,0.5559999942779541,0.6809999942779541,0.6320000290870667,1.3357845754776,1.0,0.0,0.0,0.3,0.0,2.2258088153600695,0.0,0.0,0.0,0.0
53,0.5479999780654907,0.546280026435852,0.5407999753952026,1.2828561994552612,0.5580000281333923,0.6919999718666077,0.4490000009536743,0.35600000619888306,0.42899999022483826,0.48899999260902405,0.699999988079071,0.5139999985694885,0.6819999814033508,0.6110000014305115,1.3278843381042482,1.0,0.0,0.0,0.5,0.0,2.097687518239021,0.0,0.0,0.0,0.0
54,0.5437999963760376,0.5438500642776489,0.5212000012397766,1.296049761390686,0.6589999794960022,0.6489999890327454,0.5080000162124634,0.3160000145435333,0.47600001096725464,0.4230000078678131,0.718999981880188,0.5479999780654907,0.6330000162124634,0.5070000290870667,1.3270808206710814,1.0,0.0,0.0,0.5,0.0,2.1152779800891874,0.0,0.0,0.0,0.0
55,0.5325999855995178,0.5468900203704834,0.5325999855995178,1.3268800716400146,0.6650000214576721,0.6489999890327454,0.4950000047683716,0.30799999833106995,0.4659999907016754,0.37299999594688416,0.8199999928474426,0.5509999990463257,0.5870000123977661,0.41200000047683716,1.3232761787109375,1.0,0.0,0.0,0.4,0.0,2.111239282369614,0.0,0.0,0.0,0.0
56,0.5562000274658203,0.5437899827957153,0.5162000060081482,1.2760684516906737,0.5879999995231628,0.6190000176429749,0.4699999988079071,0.28999999165534973,0.531000018119812,0.48100000619888306,0.6549999713897705,0.621999979019165,0.6470000147819519,0.6589999794960022,1.3279004540901185,1.0,0.0,0.0,0.4,0.0,2.242644723892212,0.0,0.0,0.0,0.0
57,0.552299976348877,0.5513399839401245,0.5386999845504761,1.2736048978805543,0.5080000162124634,0.6669999957084656,0.3869999945163727,0.30799999833106995,0.5120000243186951,0.44699999690055847,0.7250000238418579,0.5929999947547913,0.7200000286102295,0.656000018119812,1.3190154826812743,1.0,0.0,0.0,0.4,0.0,2.0468551235198973,0.0,0.0,0.0,0.0
58,0.5476999878883362,0.5511499643325806,0.5426999926567078,1.2804916885375976,0.5220000147819519,0.6100000143051147,0.41200000047683716,0.33500000834465027,0.5040000081062317,0.4090000092983246,0.7710000276565552,0.5270000100135803,0.7630000114440918,0.6240000128746033,1.315030240661621,1.0,0.0,0.0,0.4,0.0,2.0830160435438154,0.0,0.0,0.0,0.0
59,0.5547000169754028,0.5499800443649292,0.535099983215332,1.2657872482299806,0.6079999804496765,0.6919999718666077,0.44699999690055847,0.31700000166893005,0.48500001430511475,0.5019999742507935,0.7440000176429749,0.5830000042915344,0.6340000033378601,0.5350000262260437,1.3147969726104738,1.0,0.0,0.0,0.4,0.0,2.240336296081543,0.0,0.0,0.0,0.0
60,0.5584999918937683,0.5484200119972229,0.5347999930381775,1.2679756477355957,0.6140000224113464,0.7009999752044678,0.4569999873638153,0.2759999930858612,0.546999990940094,0.4749999940395355,0.6399999856948853,0.6430000066757202,0.625,0.6069999933242798,1.313578969718933,1.0,0.0,0.0,0.5,0.0,2.1971103501319886,0.0,0.0,0.0,0.0
61,0.5543000102043152,0.5518999695777893,0.5404999852180481,1.2796643508911132,0.5440000295639038,0.6520000100135803,0.414000004529953,0.34200000762939453,0.4740000069141388,0.5139999985694885,0.6290000081062317,0.550000011920929,0.7329999804496765,0.6909999847412109,1.3072936567420959,1.0,0.0,0.0,0.5,0.0,2.055243749499321,0.0,0.0,0.0,0.0
62,0.5465999841690063,0.5545899868011475,0.5428000092506409,1.2874153106689452,0.4880000054836273,0.6159999966621399,0.4359999895095825,0.3889999985694885,0.43799999356269836,0.4300000071525574,0.7549999952316284,0.4779999852180481,0.7900000214576721,0.6460000276565552,1.3087128757896422,1.0,0.0,0.0,0.4,0.0,2.1919417994022368,0.0,0.0,0.0,0.0
63,0.5537999868392944,0.5522599816322327,0.5425999760627747,1.2713304344177245,0.5180000066757202,0.5989999771118164,0.3889999985694885,0.3970000147819519,0.48399999737739563,0.4650000035762787,0.7269999980926514,0.5460000038146973,0.7680000066757202,0.6449999809265137,1.308211218574524,1.0,0.0,0.0,0.4,0.0,2.23556365275383,0.0,0.0,0.0,0.0
64,0.5577999949455261,0.5569900274276733,0.5475000143051147,1.2540956300735473,0.6209999918937683,0.7200000286102295,0.47200000286102295,0.3409999907016754,0.42100000381469727,0.49900001287460327,0.7699999809265137,0.5619999766349792,0.6060000061988831,0.5659999847412109,1.30447148487854,1.0,0.0,0.0,0.3,0.0,2.232321591973305,0.0,0.0,0.0,0.0
65,0.5602999925613403,0.5557799935340881,0.5400000214576721,1.259669876098633,0.6380000114440918,0.656000018119812,0.5099999904632568,0.30300000309944153,0.5149999856948853,0.4440000057220459,0.7400000095367432,0.5699999928474426,0.6389999985694885,0.5879999995231628,1.2998738262557983,1.0,0.0,0.0,0.4,0.0,2.2214732640981674,0.0,0.0,0.0,0.0
66,0.5685999989509583,0.5590200424194336,0.5504999756813049,1.2519298246383668,0.6570000052452087,0.6549999713897705,0.4790000021457672,0.3490000069141388,0.5090000033378601,0.49399998784065247,0.6729999780654907,0.625,0.6290000081062317,0.6159999966621399,1.2970894013214112,1.0,0.0,0.0,0.3,0.0,2.1788111939430235,0.0,0.0,0.0,0.0
67,0.5473999977111816,0.5590900182723999,0.5464000105857849,1.2819444446563721,0.4569999873638153,0.6029999852180481,0.3370000123977661,0.3959999978542328,0.5329999923706055,0.4659999907016754,0.6340000033378601,0.5580000281333923,0.7829999923706055,0.7070000171661377,1.2973801151123048,1.0,0.0,0.0,0.4,0.0,2.311374339580536,0.0,0.0,0.0,0.0
68,0.550000011920929,0.5530999898910522,0.5408999919891357,1.2790920392990113,0.6800000071525574,0.722000002861023,0.5090000033378601,0.3100000023841858,0.46399998664855957,0.46799999475479126,0.7870000004768372,0.5590000152587891,0.5709999799728394,0.4300000071525574,1.2951821010284426,1.0,0.0,0.0,0.3,0.0,2.301292235016823,0.0,0.0,0.0,0.0
69,0.5648000240325928,0.5611000061035156,0.5468999743461609,1.2408574312210083,0.5720000267028809,0.6909999847412109,0.41999998688697815,0.3499999940395355,0.5180000066757202,0.45399999618530273,0.722000002861023,0.5680000185966492,0.7080000042915344,0.6449999809265137,1.2935481114616396,1.0,0.0,0.0,0.3,0.0,2.252936061024666,0.0,0.0,0.0,0.0
70,0.5648000240325928,0.5612899661064148,0.5516999959945679,1.2408953102111817,0.5910000205039978,0.6890000104904175,0.42100000381469727,0.34299999475479126,0.5619999766349792,0.46299999952316284,0.6909999847412109,0.5870000123977661,0.7080000042915344,0.5929999947547913,1.2908019163093567,1.0,0.0,0.0,0.5,0.0,2.285133610367775,0.0,0.0,0.0,0.0
71,0.5641000270843506,0.5609100461006165,0.5472000241279602,1.2412696710586548,0.6069999933242798,0.6899999976158142,0.492000013589859,0.3330000042915344,0.4690000116825104,0.5009999871253967,0.7260000109672546,0.5699999928474426,0.6769999861717224,0.5759999752044678,1.284720472290039,1.0,0.0,0.0,0.4,0.0,2.112466354250908,0.0,0.0,0.0,0.0
72,0.5645999908447266,0.5635799765586853,0.5533000230789185,1.2412663650512696,0.6349999904632568,0.7300000190734863,0.46299999952316284,0.3370000123977661,0.48899999260902405,0.46399998664855957,0.7540000081062317,0.5440000295639038,0.6679999828338623,0.5619999766349792,1.2833935582351685,1.0,0.0,0.0,0.4,0.0,2.1896898226737975,0.0,0.0,0.0,0.0
73,0.5692999958992004,0.5656099915504456,0.5604000091552734,1.2361706972122193,0.5879999995231628,0.6669999957084656,0.4339999854564667,0.3529999852180481,0.5540000200271606,0.453000009059906,0.7120000123977661,0.6039999723434448,0.7149999737739563,0.6129999756813049,1.2827670004158018,1.0,0.0,0.0,0.4,0.0,2.223766457796097,0.0,0.0,0.0,0.0
74,0.5637000203132629,0.5645300149917603,0.5569000244140625,1.2390528701782226,0.5099999904632568,0.6660000085830688,0.4169999957084656,0.38999998569488525,0.5320000052452087,0.4830000102519989,0.7319999933242798,0.5370000004768372,0.7480000257492065,0.621999979019165,1.2808732498893738,1.0,0.0,0.0,0.4,0.0,2.134762123465538,0.0,0.0,0.0,0.0
75,0.5648999810218811,0.565060019493103,0.5609999895095825,1.2426014539718628,0.593999981880188,0.6399999856948853,0.4519999921321869,0.39100000262260437,0.48500001430511475,0.46299999952316284,0.7269999980926514,0.5320000052452087,0.7369999885559082,0.628000020980835,1.2784698745307923,1.0,0.0,0.0,0.4,0.0,2.2222049882411956,0.0,0.0,0.0,0.0
76,0.555400013923645,0.5635000467300415,0.5389999747276306,1.2694434829711914,0.48500001430511475,0.6380000114440918,0.3880000114440918,0.32600000500679016,0.5210000276565552,0.5799999833106995,0.5580000281333923,0.5889999866485596,0.7440000176429749,0.7250000238418579,1.2765524961585997,1.0,0.0,0.0,0.3,0.0,2.1560440427064895,0.0,0.0,0.0,0.0
77,0.5611000061035156,0.5657099485397339,0.5509999990463257,1.2517389053344727,0.5249999761581421,0.609000027179718,0.4440000057220459,0.39800000190734863,0.49900001287460327,0.5170000195503235,0.6729999780654907,0.4869999885559082,0.7630000114440918,0.6959999799728394,1.2763096460685728,1.0,0.0,0.0,0.3,0.0,2.2987055557966234,0.0,0.0,0.0,0.0
78,0.564300000667572,0.5657600164413452,0.557699978351593,1.2394108741760255,0.5180000066757202,0.640999972820282,0.41200000047683716,0.3499999940395355,0.5590000152587891,0.45500001311302185,0.6850000023841858,0.5839999914169312,0.722000002861023,0.7170000076293945,1.273872966758728,1.0,0.0,0.0,0.4,0.0,2.2343796941041947,0.0,0.0,0.0,0.0
79,0.5727999806404114,0.5678800344467163,0.5616999864578247,1.227669806289673,0.6349999904632568,0.6949999928474426,0.47699999809265137,0.32199999690055847,0.5389999747276306,0.5,0.7310000061988831,0.6230000257492065,0.6370000243186951,0.5690000057220459,1.2682159738235472,1.0,0.0,0.0,0.4,0.0,2.1806254036426544,0.0,0.0,0.0,0.0
80,0.5645999908447266,0.5625200271606445,0.5471000075340271,1.2320489604949951,0.6399999856948853,0.7250000238418579,0.4959999918937683,0.30399999022483826,0.4869999885559082,0.453000009059906,0.7680000066757202,0.5809999704360962,0.6489999890327454,0.5429999828338623,1.270991780529022,1.0,0.0,0.0,0.5,0.0,2.302073572874069,0.0,0.0,0.0,0.0
81,0.5620999932289124,0.5677300095558167,0.5568000078201294,1.2312316301345825,0.574999988079071,0.6700000166893005,0.4449999928474426,0.34299999475479126,0.5130000114440918,0.41200000047683716,0.7699999809265137,0.5669999718666077,0.7400000095367432,0.5860000252723694,1.2698765233879088,1.0,0.0,0.0,0.4,0.0,2.376049345254898,0.0,0.0,0.0,0.0
82,0.5699999928474426,0.5653300285339355,0.5522000193595886,1.2281277648925781,0.6589999794960022,0.6850000023841858,0.4959999918937683,0.37400001287460327,0.4860000014305115,0.45500001311302185,0.734000027179718,0.5519999861717224,0.6809999942779541,0.578000009059906,1.2672367297630311,1.0,0.0,0.0,0.5,0.0,2.3405565723180772,0.0,0.0,0.0,0.0
83,0.5764999985694885,0.5693600177764893,0.5625,1.2259177297592163,0.6359999775886536,0.6880000233650208,0.45100000500679016,0.35499998927116394,0.5260000228881836,0.5350000262260437,0.7390000224113464,0.625,0.628000020980835,0.5820000171661377,1.2659656779747008,1.0,0.0,0.0,0.5,0.0,2.3000867121219635,0.0,0.0,0.0,0.0
84,0.5608999729156494,0.5677399635314941,0.5608999729156494,1.234889845275879,0.5759999752044678,0.7210000157356262,0.4350000023841858,0.3529999852180481,0.4490000009536743,0.4440000057220459,0.796999990940094,0.5249999761581421,0.7279999852180481,0.5809999704360962,1.2618462539482116,1.0,0.0,0.0,0.3,0.0,2.167756240606308,0.0,0.0,0.0,0.0
85,0.5737000107765198,0.5706599950790405,0.5633000135421753,1.221046897506714,0.5920000076293945,0.6869999766349792,0.44600000977516174,0.375,0.4790000021457672,0.4749999940395355,0.7319999933242798,0.5740000009536743,0.7210000157356262,0.656000018119812,1.2637876806640624,1.0,0.0,0.0,0.3,0.0,2.23034729206562,0.0,0.0,0.0,0.0
86,0.5777999758720398,0.5731099843978882,0.5637000203132629,1.217266662788391,0.628000020980835,0.6959999799728394,0.5199999809265137,0.35899999737739563,0.46700000762939453,0.5529999732971191,0.7049999833106995,0.5740000009536743,0.652999997138977,0.6230000257492065,1.2599152300796508,1.0,0.0,0.0,0.3,0.0,2.208699381351471,0.0,0.0,0.0,0.0
87,0.5649999976158142,0.5700100064277649,0.5623999834060669,1.2431003036499024,0.7170000076293945,0.6790000200271606,0.5410000085830688,0.3529999852180481,0.4729999899864197,0.5149999856948853,0.7149999737739563,0.5830000042915344,0.5759999752044678,0.49799999594688416,1.2580203400878904,1.0,0.0,0.0,0.5,0.0,2.2776471576690676,0.0,0.0,0.0,0.0
88,0.5680999755859375,0.5702099800109863,0.5605000257492065,1.2299803806304932,0.6729999780654907,0.6579999923706055,0.48500001430511475,0.36899998784065247,0.5239999890327454,0.4959999918937683,0.7179999947547913,0.5529999732971191,0.6850000023841858,0.5199999809265137,1.2569953714790345,1.0,0.0,0.0,0.3,0.0,2.191034707784653,0.0,0.0,0.0,0.0
89,0.5724999904632568,0.5684000253677368,0.5516999959945679,1.2263794662475587,0.6940000057220459,0.6620000004768372,0.5080000162124634,0.3449999988079071,0.5410000085830688,0.49900001287460327,0.7020000219345093,0.6019999980926514,0.6370000243186951,0.5350000262260437,1.2556775799484254,1.0,0.0,0.0,0.4,0.0,2.266949279308319,0.0,0.0,0.0,0.0
90,0.5773000121116638,0.5731300115585327,0.5622000098228455,1.209630045890808,0.5440000295639038,0.6690000295639038,0.44200000166893005,0.41499999165534973,0.5270000100135803,0.5019999742507935,0.7080000042915344,0.5799999833106995,0.7210000157356262,0.6650000214576721,1.2539463137626647,1.0,0.0,0.0,0.3,0.0,2.219851629257202,0.0,0.0,0.0,0.0
91,0.5802000164985657,0.5760399699211121,0.5640000104904175,1.212781453704834,0.628000020980835,0.6779999732971191,0.4860000014305115,0.35199999809265137,0.5440000295639038,0.4909999966621399,0.6819999814033508,0.5899999737739563,0.7110000252723694,0.6399999856948853,1.2499396134872436,1.0,0.0,0.0,0.5,0.0,2.150352944970131,0.0,0.0,0.0,0.0
92,0.5717999935150146,0.5721099972724915,0.5526999831199646,1.2208744918823242,0.527999997138977,0.6589999794960022,0.4180000126361847,0.3619999885559082,0.531000018119812,0.5239999890327454,0.6600000262260437,0.6119999885559082,0.7089999914169312,0.7149999737739563,1.2472202694053647,1.0,0.0,0.0,0.5,0.0,2.2288431437015532,0.0,0.0,0.0,0.0
93,0.5737000107765198,0.5764700174331665,0.5737000107765198,1.2154269857406617,0.5509999990463257,0.6729999780654907,0.4320000112056732,0.39800000190734863,0.492000013589859,0.4819999933242798,0.7319999933242798,0.5580000281333923,0.7269999980926514,0.6919999718666077,1.2481516770248413,1.0,0.0,0.0,0.4,0.0,2.2447309861183165,0.0,0.0,0.0,0.0
94,0.5687999725341797,0.5754600763320923,0.5687999725341797,1.2230697067260743,0.7089999914169312,0.6959999799728394,0.5059999823570251,0.36800000071525574,0.49000000953674316,0.44699999690055847,0.7649999856948853,0.5569999814033508,0.6240000128746033,0.5260000228881836,1.2495770296173094,1.0,0.0,0.0,0.4,0.0,2.2987318947315214,0.0,0.0,0.0,0.0
95,0.5835999846458435,0.5766099691390991,0.5690000057220459,1.2028273527145386,0.6060000061988831,0.6940000057220459,0.49399998784065247,0.335999995470047,0.5009999871253967,0.5450000166893005,0.7059999704360962,0.6259999871253967,0.6679999828338623,0.6600000262260437,1.2474313365821839,1.0,0.0,0.0,0.4,0.0,2.3211598806381226,0.0,0.0,0.0,0.0
96,0.58160001039505,0.5770700573921204,0.5680999755859375,1.2101643501281738,0.6850000023841858,0.6850000023841858,0.5189999938011169,0.35899999737739563,0.5019999742507935,0.5019999742507935,0.7369999885559082,0.6200000047683716,0.6309999823570251,0.5759999752044678,1.2493498261146543,1.0,0.0,0.0,0.5,0.0,2.298000290155411,0.0,0.0,0.0,0.0
97,0.573199987411499,0.5761799812316895,0.571399986743927,1.2151069162368775,0.6650000214576721,0.6959999799728394,0.46000000834465027,0.37400001287460327,0.5099999904632568,0.3959999978542328,0.7549999952316284,0.5580000281333923,0.703000009059906,0.6150000095367432,1.2435609490928647,1.0,0.0,0.0,0.4,0.0,2.273390879392624,0.0,0.0,0.0,0.0
98,0.5738000273704529,0.5775600075721741,0.5738000273704529,1.2196294382095336,0.5410000085830688,0.6330000162124634,0.4059999883174896,0.3930000066757202,0.6029999852180481,0.460999995470047,0.6700000166893005,0.5740000009536743,0.7749999761581421,0.6819999814033508,1.2433502232704163,1.0,0.0,0.0,0.3,0.0,2.2458452889919283,0.0,0.0,0.0,0.0
99,0.5831999778747559,0.5763800144195557,0.569100022315979,1.1993617725372314,0.6259999871253967,0.6869999766349792,0.47600001096725464,0.3709999918937683,0.5130000114440918,0.5080000162124634,0.7009999752044678,0.597000002861023,0.6909999847412109,0.6620000004768372,1.2400785970077515,1.0,0.0,0.0,0.4,0.0,2.1325555090904236,0.0,0.0,0.0,0.0
